Sentença	Id	Index	Granularidade	Documento
Indivíduo de numero 1 registrado pela equipe do Trecho 04 na cidade de Penha (Santa Catarina), atraves de monitoramento do tipo	1	0	0	Indivíduo de numero 1 registrado pela equipe do Trecho 04 na cidade de Penha ( Santa Catarina ) , atraves de monitoramento do tipo Acionamento com a mare Vazante e vento Sudoeste . Espécie : Chelonia mydas , Juvenil Sim , , , esta ameacada de extincao . Foi encontrado Morto em ambiente Rochoso com o Cod de carcaca 4 e Não apresentava oleo .
Acionamento com a mare Vazante e vento	1	1	0	Indivíduo de numero 1 registrado pela equipe do Trecho 04 na cidade de Penha ( Santa Catarina ) , atraves de monitoramento do tipo Acionamento com a mare Vazante e vento Sudoeste . Espécie : Chelonia mydas , Juvenil Sim , , , esta ameacada de extincao . Foi encontrado Morto em ambiente Rochoso com o Cod de carcaca 4 e Não apresentava oleo .
Sudoeste.	1	2	0	Indivíduo de numero 1 registrado pela equipe do Trecho 04 na cidade de Penha ( Santa Catarina ) , atraves de monitoramento do tipo Acionamento com a mare Vazante e vento Sudoeste . Espécie : Chelonia mydas , Juvenil Sim , , , esta ameacada de extincao . Foi encontrado Morto em ambiente Rochoso com o Cod de carcaca 4 e Não apresentava oleo .
Espécie: Chelonia mydas, Juvenil Sim ,,,esta ameacada de extincao.	1	3	0	Indivíduo de numero 1 registrado pela equipe do Trecho 04 na cidade de Penha ( Santa Catarina ) , atraves de monitoramento do tipo Acionamento com a mare Vazante e vento Sudoeste . Espécie : Chelonia mydas , Juvenil Sim , , , esta ameacada de extincao . Foi encontrado Morto em ambiente Rochoso com o Cod de carcaca 4 e Não apresentava oleo .
Foi encontrado Morto em ambiente Rochoso com o Cod de carcaca 4 e Não apresentava oleo.	1	4	0	Indivíduo de numero 1 registrado pela equipe do Trecho 04 na cidade de Penha ( Santa Catarina ) , atraves de monitoramento do tipo Acionamento com a mare Vazante e vento Sudoeste . Espécie : Chelonia mydas , Juvenil Sim , , , esta ameacada de extincao . Foi encontrado Morto em ambiente Rochoso com o Cod de carcaca 4 e Não apresentava oleo .
0	1	-1	1	Indivíduo de numero 1 registrado pela equipe do Trecho 04 na cidade de Penha ( Santa Catarina ) , atraves de monitoramento do tipo Acionamento com a mare Vazante e vento Sudoeste . Espécie : Chelonia mydas , Juvenil Sim , , , esta ameacada de extincao . Foi encontrado Morto em ambiente Rochoso com o Cod de carcaca 4 e Não apresentava oleo .
Indivíduo de numero 2 registrado pela equipe do Trecho 04 na cidade de Bombinhas (Santa Catarina), atraves de monitoramento do tipo Regular com a mare	2	0	0	Indivíduo de numero 2 registrado pela equipe do Trecho 04 na cidade de Bombinhas ( Santa Catarina ) , atraves de monitoramento do tipo Regular com a mare Enchente e vento Noroeste . Espécie : Nannopterum brasilianum , Indeterminado Não , , , esta ameacada de extincao . Foi encontrado Morto em ambiente Arenoso com o Cod de carcaca 4 e Não apresentava oleo .
Enchente e vento Noroeste	2	1	0	Indivíduo de numero 2 registrado pela equipe do Trecho 04 na cidade de Bombinhas ( Santa Catarina ) , atraves de monitoramento do tipo Regular com a mare Enchente e vento Noroeste . Espécie : Nannopterum brasilianum , Indeterminado Não , , , esta ameacada de extincao . Foi encontrado Morto em ambiente Arenoso com o Cod de carcaca 4 e Não apresentava oleo .
.	2	2	0	Indivíduo de numero 2 registrado pela equipe do Trecho 04 na cidade de Bombinhas ( Santa Catarina ) , atraves de monitoramento do tipo Regular com a mare Enchente e vento Noroeste . Espécie : Nannopterum brasilianum , Indeterminado Não , , , esta ameacada de extincao . Foi encontrado Morto em ambiente Arenoso com o Cod de carcaca 4 e Não apresentava oleo .
Espécie:	2	3	0	Indivíduo de numero 2 registrado pela equipe do Trecho 04 na cidade de Bombinhas ( Santa Catarina ) , atraves de monitoramento do tipo Regular com a mare Enchente e vento Noroeste . Espécie : Nannopterum brasilianum , Indeterminado Não , , , esta ameacada de extincao . Foi encontrado Morto em ambiente Arenoso com o Cod de carcaca 4 e Não apresentava oleo .
Nannopterum brasilianum, Indeterminado Não ,,,esta ameacada de extincao.	2	4	0	Indivíduo de numero 2 registrado pela equipe do Trecho 04 na cidade de Bombinhas ( Santa Catarina ) , atraves de monitoramento do tipo Regular com a mare Enchente e vento Noroeste . Espécie : Nannopterum brasilianum , Indeterminado Não , , , esta ameacada de extincao . Foi encontrado Morto em ambiente Arenoso com o Cod de carcaca 4 e Não apresentava oleo .
Foi encontrado Morto em ambiente	2	5	0	Indivíduo de numero 2 registrado pela equipe do Trecho 04 na cidade de Bombinhas ( Santa Catarina ) , atraves de monitoramento do tipo Regular com a mare Enchente e vento Noroeste . Espécie : Nannopterum brasilianum , Indeterminado Não , , , esta ameacada de extincao . Foi encontrado Morto em ambiente Arenoso com o Cod de carcaca 4 e Não apresentava oleo .
Arenoso com o Cod de carcaca 4 e Não apresentava oleo.	2	6	0	Indivíduo de numero 2 registrado pela equipe do Trecho 04 na cidade de Bombinhas ( Santa Catarina ) , atraves de monitoramento do tipo Regular com a mare Enchente e vento Noroeste . Espécie : Nannopterum brasilianum , Indeterminado Não , , , esta ameacada de extincao . Foi encontrado Morto em ambiente Arenoso com o Cod de carcaca 4 e Não apresentava oleo .
1	2	-1	1	Indivíduo de numero 2 registrado pela equipe do Trecho 04 na cidade de Bombinhas ( Santa Catarina ) , atraves de monitoramento do tipo Regular com a mare Enchente e vento Noroeste . Espécie : Nannopterum brasilianum , Indeterminado Não , , , esta ameacada de extincao . Foi encontrado Morto em ambiente Arenoso com o Cod de carcaca 4 e Não apresentava oleo .
Indivíduo de numero 3 registrado pela equipe do Trecho 05 na cidade de Araquari,Balneário Barra Do Sul,Barra Velha (Santa Catarina), atraves de monitoramento do tipo	3	0	0	Indivíduo de numero 3 registrado pela equipe do Trecho 05 na cidade de Araquari , Balneário Barra Do Sul , Barra Velha ( Santa Catarina ) , atraves de monitoramento do tipo Acionamento com a mare Vazante e vento N / A. Espécie : Caretta caretta , Indeterminado Sim , , , esta ameacada de extincao . Foi encontrado Morto em ambiente Arenoso com o Cod de carcaca 4 e Não apresentava oleo .
Acionamento com a mare Vazante e vento N/A. Espécie:	3	1	0	Indivíduo de numero 3 registrado pela equipe do Trecho 05 na cidade de Araquari , Balneário Barra Do Sul , Barra Velha ( Santa Catarina ) , atraves de monitoramento do tipo Acionamento com a mare Vazante e vento N / A. Espécie : Caretta caretta , Indeterminado Sim , , , esta ameacada de extincao . Foi encontrado Morto em ambiente Arenoso com o Cod de carcaca 4 e Não apresentava oleo .
Caretta caretta, Indeterminado Sim ,,,esta ameacada de extincao.	3	2	0	Indivíduo de numero 3 registrado pela equipe do Trecho 05 na cidade de Araquari , Balneário Barra Do Sul , Barra Velha ( Santa Catarina ) , atraves de monitoramento do tipo Acionamento com a mare Vazante e vento N / A. Espécie : Caretta caretta , Indeterminado Sim , , , esta ameacada de extincao . Foi encontrado Morto em ambiente Arenoso com o Cod de carcaca 4 e Não apresentava oleo .
Foi encontrado Morto em ambiente	3	3	0	Indivíduo de numero 3 registrado pela equipe do Trecho 05 na cidade de Araquari , Balneário Barra Do Sul , Barra Velha ( Santa Catarina ) , atraves de monitoramento do tipo Acionamento com a mare Vazante e vento N / A. Espécie : Caretta caretta , Indeterminado Sim , , , esta ameacada de extincao . Foi encontrado Morto em ambiente Arenoso com o Cod de carcaca 4 e Não apresentava oleo .
Arenoso com o Cod de carcaca 4 e Não apresentava oleo.	3	4	0	Indivíduo de numero 3 registrado pela equipe do Trecho 05 na cidade de Araquari , Balneário Barra Do Sul , Barra Velha ( Santa Catarina ) , atraves de monitoramento do tipo Acionamento com a mare Vazante e vento N / A. Espécie : Caretta caretta , Indeterminado Sim , , , esta ameacada de extincao . Foi encontrado Morto em ambiente Arenoso com o Cod de carcaca 4 e Não apresentava oleo .
2	3	-1	1	Indivíduo de numero 3 registrado pela equipe do Trecho 05 na cidade de Araquari , Balneário Barra Do Sul , Barra Velha ( Santa Catarina ) , atraves de monitoramento do tipo Acionamento com a mare Vazante e vento N / A. Espécie : Caretta caretta , Indeterminado Sim , , , esta ameacada de extincao . Foi encontrado Morto em ambiente Arenoso com o Cod de carcaca 4 e Não apresentava oleo .
Indivíduo de numero 4 registrado pela equipe do Trecho 04 na cidade de Navegantes (Santa Catarina), atraves de monitoramento do tipo Regular com a mare Vazante e vento Sudoeste.	4	0	0	Indivíduo de numero 4 registrado pela equipe do Trecho 04 na cidade de Navegantes ( Santa Catarina ) , atraves de monitoramento do tipo Regular com a mare Vazante e vento Sudoeste . Espécie : Chelonia mydas , Juvenil Sim , , , esta ameacada de extincao . Foi encontrado Morto em ambiente Arenoso com o Cod de carcaca 4 e Não apresentava oleo .
Espécie: Chelonia mydas, Juvenil Sim ,,,esta ameacada de extincao.	4	1	0	Indivíduo de numero 4 registrado pela equipe do Trecho 04 na cidade de Navegantes ( Santa Catarina ) , atraves de monitoramento do tipo Regular com a mare Vazante e vento Sudoeste . Espécie : Chelonia mydas , Juvenil Sim , , , esta ameacada de extincao . Foi encontrado Morto em ambiente Arenoso com o Cod de carcaca 4 e Não apresentava oleo .
Foi encontrado Morto em ambiente	4	2	0	Indivíduo de numero 4 registrado pela equipe do Trecho 04 na cidade de Navegantes ( Santa Catarina ) , atraves de monitoramento do tipo Regular com a mare Vazante e vento Sudoeste . Espécie : Chelonia mydas , Juvenil Sim , , , esta ameacada de extincao . Foi encontrado Morto em ambiente Arenoso com o Cod de carcaca 4 e Não apresentava oleo .
Arenoso com o Cod de carcaca 4 e Não apresentava oleo.	4	3	0	Indivíduo de numero 4 registrado pela equipe do Trecho 04 na cidade de Navegantes ( Santa Catarina ) , atraves de monitoramento do tipo Regular com a mare Vazante e vento Sudoeste . Espécie : Chelonia mydas , Juvenil Sim , , , esta ameacada de extincao . Foi encontrado Morto em ambiente Arenoso com o Cod de carcaca 4 e Não apresentava oleo .
3	4	-1	1	Indivíduo de numero 4 registrado pela equipe do Trecho 04 na cidade de Navegantes ( Santa Catarina ) , atraves de monitoramento do tipo Regular com a mare Vazante e vento Sudoeste . Espécie : Chelonia mydas , Juvenil Sim , , , esta ameacada de extincao . Foi encontrado Morto em ambiente Arenoso com o Cod de carcaca 4 e Não apresentava oleo .
Indivíduo de numero 5 registrado pela equipe do Trecho 04 na cidade de Bombinhas (Santa Catarina), atraves de monitoramento do tipo Regular com a mare	5	0	0	Indivíduo de numero 5 registrado pela equipe do Trecho 04 na cidade de Bombinhas ( Santa Catarina ) , atraves de monitoramento do tipo Regular com a mare Enchente e vento Sudoeste . Espécie : Eretmochelys imbricata , Juvenil Sim , , , esta ameacada de extincao . Foi encontrado Morto em ambiente Arenoso com o Cod de carcaca 4 e Não apresentava oleo .
Enchente e vento Sudoeste	5	1	0	Indivíduo de numero 5 registrado pela equipe do Trecho 04 na cidade de Bombinhas ( Santa Catarina ) , atraves de monitoramento do tipo Regular com a mare Enchente e vento Sudoeste . Espécie : Eretmochelys imbricata , Juvenil Sim , , , esta ameacada de extincao . Foi encontrado Morto em ambiente Arenoso com o Cod de carcaca 4 e Não apresentava oleo .
.	5	2	0	Indivíduo de numero 5 registrado pela equipe do Trecho 04 na cidade de Bombinhas ( Santa Catarina ) , atraves de monitoramento do tipo Regular com a mare Enchente e vento Sudoeste . Espécie : Eretmochelys imbricata , Juvenil Sim , , , esta ameacada de extincao . Foi encontrado Morto em ambiente Arenoso com o Cod de carcaca 4 e Não apresentava oleo .
Espécie:	5	3	0	Indivíduo de numero 5 registrado pela equipe do Trecho 04 na cidade de Bombinhas ( Santa Catarina ) , atraves de monitoramento do tipo Regular com a mare Enchente e vento Sudoeste . Espécie : Eretmochelys imbricata , Juvenil Sim , , , esta ameacada de extincao . Foi encontrado Morto em ambiente Arenoso com o Cod de carcaca 4 e Não apresentava oleo .
Eretmochelys imbricata, Juvenil Sim ,,,esta ameacada de extincao.	5	4	0	Indivíduo de numero 5 registrado pela equipe do Trecho 04 na cidade de Bombinhas ( Santa Catarina ) , atraves de monitoramento do tipo Regular com a mare Enchente e vento Sudoeste . Espécie : Eretmochelys imbricata , Juvenil Sim , , , esta ameacada de extincao . Foi encontrado Morto em ambiente Arenoso com o Cod de carcaca 4 e Não apresentava oleo .
Foi encontrado Morto em ambiente	5	5	0	Indivíduo de numero 5 registrado pela equipe do Trecho 04 na cidade de Bombinhas ( Santa Catarina ) , atraves de monitoramento do tipo Regular com a mare Enchente e vento Sudoeste . Espécie : Eretmochelys imbricata , Juvenil Sim , , , esta ameacada de extincao . Foi encontrado Morto em ambiente Arenoso com o Cod de carcaca 4 e Não apresentava oleo .
Arenoso com o Cod de carcaca 4 e Não apresentava oleo.	5	6	0	Indivíduo de numero 5 registrado pela equipe do Trecho 04 na cidade de Bombinhas ( Santa Catarina ) , atraves de monitoramento do tipo Regular com a mare Enchente e vento Sudoeste . Espécie : Eretmochelys imbricata , Juvenil Sim , , , esta ameacada de extincao . Foi encontrado Morto em ambiente Arenoso com o Cod de carcaca 4 e Não apresentava oleo .
4	5	-1	1	Indivíduo de numero 5 registrado pela equipe do Trecho 04 na cidade de Bombinhas ( Santa Catarina ) , atraves de monitoramento do tipo Regular com a mare Enchente e vento Sudoeste . Espécie : Eretmochelys imbricata , Juvenil Sim , , , esta ameacada de extincao . Foi encontrado Morto em ambiente Arenoso com o Cod de carcaca 4 e Não apresentava oleo .
Indivíduo de numero 6 registrado pela equipe do Trecho 05 na cidade de Itapoá (Santa Catarina), atraves de monitoramento do tipo Regular com a mare Vazante e vento Sudoeste.	6	0	0	Indivíduo de numero 6 registrado pela equipe do Trecho 05 na cidade de Itapoá ( Santa Catarina ) , atraves de monitoramento do tipo Regular com a mare Vazante e vento Sudoeste . Espécie : Chelonia mydas , Indeterminado Sim , , , esta ameacada de extincao . Foi encontrado Morto em ambiente Arenoso com o Cod de carcaca 4 e Não apresentava oleo .
Espécie: Chelonia mydas, Indeterminado Sim ,,,esta ameacada de extincao.	6	1	0	Indivíduo de numero 6 registrado pela equipe do Trecho 05 na cidade de Itapoá ( Santa Catarina ) , atraves de monitoramento do tipo Regular com a mare Vazante e vento Sudoeste . Espécie : Chelonia mydas , Indeterminado Sim , , , esta ameacada de extincao . Foi encontrado Morto em ambiente Arenoso com o Cod de carcaca 4 e Não apresentava oleo .
Foi encontrado Morto em ambiente	6	2	0	Indivíduo de numero 6 registrado pela equipe do Trecho 05 na cidade de Itapoá ( Santa Catarina ) , atraves de monitoramento do tipo Regular com a mare Vazante e vento Sudoeste . Espécie : Chelonia mydas , Indeterminado Sim , , , esta ameacada de extincao . Foi encontrado Morto em ambiente Arenoso com o Cod de carcaca 4 e Não apresentava oleo .
Arenoso com o Cod de carcaca 4 e Não apresentava oleo.	6	3	0	Indivíduo de numero 6 registrado pela equipe do Trecho 05 na cidade de Itapoá ( Santa Catarina ) , atraves de monitoramento do tipo Regular com a mare Vazante e vento Sudoeste . Espécie : Chelonia mydas , Indeterminado Sim , , , esta ameacada de extincao . Foi encontrado Morto em ambiente Arenoso com o Cod de carcaca 4 e Não apresentava oleo .
5	6	-1	1	Indivíduo de numero 6 registrado pela equipe do Trecho 05 na cidade de Itapoá ( Santa Catarina ) , atraves de monitoramento do tipo Regular com a mare Vazante e vento Sudoeste . Espécie : Chelonia mydas , Indeterminado Sim , , , esta ameacada de extincao . Foi encontrado Morto em ambiente Arenoso com o Cod de carcaca 4 e Não apresentava oleo .
Indivíduo de numero 7 registrado pela equipe do Trecho 05 na cidade de São Francisco Do Sul (Santa Catarina), atraves de monitoramento do tipo Regular com a mare Vazante e vento N/A. Espécie: Chelonia mydas, Indeterminado Sim ,,,esta ameacada de extincao.	7	0	0	Indivíduo de numero 7 registrado pela equipe do Trecho 05 na cidade de São Francisco Do Sul ( Santa Catarina ) , atraves de monitoramento do tipo Regular com a mare Vazante e vento N / A. Espécie : Chelonia mydas , Indeterminado Sim , , , esta ameacada de extincao . Foi encontrado Morto em ambiente Arenoso com o Cod de carcaca 4 e Não apresentava oleo .
Foi encontrado Morto em ambiente	7	1	0	Indivíduo de numero 7 registrado pela equipe do Trecho 05 na cidade de São Francisco Do Sul ( Santa Catarina ) , atraves de monitoramento do tipo Regular com a mare Vazante e vento N / A. Espécie : Chelonia mydas , Indeterminado Sim , , , esta ameacada de extincao . Foi encontrado Morto em ambiente Arenoso com o Cod de carcaca 4 e Não apresentava oleo .
Arenoso com o Cod de carcaca 4 e Não apresentava oleo.	7	2	0	Indivíduo de numero 7 registrado pela equipe do Trecho 05 na cidade de São Francisco Do Sul ( Santa Catarina ) , atraves de monitoramento do tipo Regular com a mare Vazante e vento N / A. Espécie : Chelonia mydas , Indeterminado Sim , , , esta ameacada de extincao . Foi encontrado Morto em ambiente Arenoso com o Cod de carcaca 4 e Não apresentava oleo .
6	7	-1	1	Indivíduo de numero 7 registrado pela equipe do Trecho 05 na cidade de São Francisco Do Sul ( Santa Catarina ) , atraves de monitoramento do tipo Regular com a mare Vazante e vento N / A. Espécie : Chelonia mydas , Indeterminado Sim , , , esta ameacada de extincao . Foi encontrado Morto em ambiente Arenoso com o Cod de carcaca 4 e Não apresentava oleo .
Indivíduo de numero 8 registrado pela equipe do Trecho 05 na cidade de São Francisco Do Sul (Santa Catarina), atraves de monitoramento do tipo Regular com a mare Vazante e vento N/A. Espécie:	8	0	0	Indivíduo de numero 8 registrado pela equipe do Trecho 05 na cidade de São Francisco Do Sul ( Santa Catarina ) , atraves de monitoramento do tipo Regular com a mare Vazante e vento N / A. Espécie : Caretta caretta , Indeterminado Sim , , , esta ameacada de extincao . Foi encontrado Morto em ambiente Arenoso com o Cod de carcaca 4 e Não apresentava oleo .
Caretta caretta, Indeterminado Sim ,,,esta ameacada de extincao.	8	1	0	Indivíduo de numero 8 registrado pela equipe do Trecho 05 na cidade de São Francisco Do Sul ( Santa Catarina ) , atraves de monitoramento do tipo Regular com a mare Vazante e vento N / A. Espécie : Caretta caretta , Indeterminado Sim , , , esta ameacada de extincao . Foi encontrado Morto em ambiente Arenoso com o Cod de carcaca 4 e Não apresentava oleo .
Foi encontrado Morto em ambiente	8	2	0	Indivíduo de numero 8 registrado pela equipe do Trecho 05 na cidade de São Francisco Do Sul ( Santa Catarina ) , atraves de monitoramento do tipo Regular com a mare Vazante e vento N / A. Espécie : Caretta caretta , Indeterminado Sim , , , esta ameacada de extincao . Foi encontrado Morto em ambiente Arenoso com o Cod de carcaca 4 e Não apresentava oleo .
Arenoso com o Cod de carcaca 4 e Não apresentava oleo.	8	3	0	Indivíduo de numero 8 registrado pela equipe do Trecho 05 na cidade de São Francisco Do Sul ( Santa Catarina ) , atraves de monitoramento do tipo Regular com a mare Vazante e vento N / A. Espécie : Caretta caretta , Indeterminado Sim , , , esta ameacada de extincao . Foi encontrado Morto em ambiente Arenoso com o Cod de carcaca 4 e Não apresentava oleo .
7	8	-1	1	Indivíduo de numero 8 registrado pela equipe do Trecho 05 na cidade de São Francisco Do Sul ( Santa Catarina ) , atraves de monitoramento do tipo Regular com a mare Vazante e vento N / A. Espécie : Caretta caretta , Indeterminado Sim , , , esta ameacada de extincao . Foi encontrado Morto em ambiente Arenoso com o Cod de carcaca 4 e Não apresentava oleo .
Indivíduo de numero 9 registrado pela equipe do Trecho 04 na cidade de Penha (Santa Catarina), atraves de monitoramento do tipo Regular com a mare	9	0	0	Indivíduo de numero 9 registrado pela equipe do Trecho 04 na cidade de Penha ( Santa Catarina ) , atraves de monitoramento do tipo Regular com a mare Enchente e vento Sul . Espécie : Chelonia mydas , Juvenil Sim , , , esta ameacada de extincao . Foi encontrado Morto em ambiente Rochoso com o Cod de carcaca 4 e Não apresentava oleo .
Enchente e vento Sul	9	1	0	Indivíduo de numero 9 registrado pela equipe do Trecho 04 na cidade de Penha ( Santa Catarina ) , atraves de monitoramento do tipo Regular com a mare Enchente e vento Sul . Espécie : Chelonia mydas , Juvenil Sim , , , esta ameacada de extincao . Foi encontrado Morto em ambiente Rochoso com o Cod de carcaca 4 e Não apresentava oleo .
.	9	2	0	Indivíduo de numero 9 registrado pela equipe do Trecho 04 na cidade de Penha ( Santa Catarina ) , atraves de monitoramento do tipo Regular com a mare Enchente e vento Sul . Espécie : Chelonia mydas , Juvenil Sim , , , esta ameacada de extincao . Foi encontrado Morto em ambiente Rochoso com o Cod de carcaca 4 e Não apresentava oleo .
Espécie: Chelonia mydas, Juvenil Sim ,,,esta ameacada de extincao.	9	3	0	Indivíduo de numero 9 registrado pela equipe do Trecho 04 na cidade de Penha ( Santa Catarina ) , atraves de monitoramento do tipo Regular com a mare Enchente e vento Sul . Espécie : Chelonia mydas , Juvenil Sim , , , esta ameacada de extincao . Foi encontrado Morto em ambiente Rochoso com o Cod de carcaca 4 e Não apresentava oleo .
Foi encontrado Morto em ambiente Rochoso com o Cod de carcaca 4 e Não apresentava oleo.	9	4	0	Indivíduo de numero 9 registrado pela equipe do Trecho 04 na cidade de Penha ( Santa Catarina ) , atraves de monitoramento do tipo Regular com a mare Enchente e vento Sul . Espécie : Chelonia mydas , Juvenil Sim , , , esta ameacada de extincao . Foi encontrado Morto em ambiente Rochoso com o Cod de carcaca 4 e Não apresentava oleo .
8	9	-1	1	Indivíduo de numero 9 registrado pela equipe do Trecho 04 na cidade de Penha ( Santa Catarina ) , atraves de monitoramento do tipo Regular com a mare Enchente e vento Sul . Espécie : Chelonia mydas , Juvenil Sim , , , esta ameacada de extincao . Foi encontrado Morto em ambiente Rochoso com o Cod de carcaca 4 e Não apresentava oleo .
Indivíduo de numero 10 registrado pela equipe do Trecho 04 na cidade de Bombinhas (Santa Catarina), atraves de monitoramento do tipo Regular com a mare Vazante e vento Sudeste.	10	0	0	Indivíduo de numero 10 registrado pela equipe do Trecho 04 na cidade de Bombinhas ( Santa Catarina ) , atraves de monitoramento do tipo Regular com a mare Vazante e vento Sudeste . Espécie : Fregata magnificens , Indeterminado Não , , , esta ameacada de extincao . Foi encontrado Morto em ambiente Arenoso com o Cod de carcaca 4 e Não apresentava oleo .
Espécie:	10	1	0	Indivíduo de numero 10 registrado pela equipe do Trecho 04 na cidade de Bombinhas ( Santa Catarina ) , atraves de monitoramento do tipo Regular com a mare Vazante e vento Sudeste . Espécie : Fregata magnificens , Indeterminado Não , , , esta ameacada de extincao . Foi encontrado Morto em ambiente Arenoso com o Cod de carcaca 4 e Não apresentava oleo .
Fregata magnificens, Indeterminado Não ,,,esta ameacada de extincao.	10	2	0	Indivíduo de numero 10 registrado pela equipe do Trecho 04 na cidade de Bombinhas ( Santa Catarina ) , atraves de monitoramento do tipo Regular com a mare Vazante e vento Sudeste . Espécie : Fregata magnificens , Indeterminado Não , , , esta ameacada de extincao . Foi encontrado Morto em ambiente Arenoso com o Cod de carcaca 4 e Não apresentava oleo .
Foi encontrado Morto em ambiente	10	3	0	Indivíduo de numero 10 registrado pela equipe do Trecho 04 na cidade de Bombinhas ( Santa Catarina ) , atraves de monitoramento do tipo Regular com a mare Vazante e vento Sudeste . Espécie : Fregata magnificens , Indeterminado Não , , , esta ameacada de extincao . Foi encontrado Morto em ambiente Arenoso com o Cod de carcaca 4 e Não apresentava oleo .
Arenoso com o Cod de carcaca 4 e Não apresentava oleo.	10	4	0	Indivíduo de numero 10 registrado pela equipe do Trecho 04 na cidade de Bombinhas ( Santa Catarina ) , atraves de monitoramento do tipo Regular com a mare Vazante e vento Sudeste . Espécie : Fregata magnificens , Indeterminado Não , , , esta ameacada de extincao . Foi encontrado Morto em ambiente Arenoso com o Cod de carcaca 4 e Não apresentava oleo .
9	10	-1	1	Indivíduo de numero 10 registrado pela equipe do Trecho 04 na cidade de Bombinhas ( Santa Catarina ) , atraves de monitoramento do tipo Regular com a mare Vazante e vento Sudeste . Espécie : Fregata magnificens , Indeterminado Não , , , esta ameacada de extincao . Foi encontrado Morto em ambiente Arenoso com o Cod de carcaca 4 e Não apresentava oleo .
Indivíduo de numero 11 registrado pela equipe do Trecho 05 na cidade de Araquari,Balneário Barra Do Sul,Barra Velha (Santa Catarina), atraves de monitoramento do tipo Regular com a mare	11	0	0	Indivíduo de numero 11 registrado pela equipe do Trecho 05 na cidade de Araquari , Balneário Barra Do Sul , Barra Velha ( Santa Catarina ) , atraves de monitoramento do tipo Regular com a mare Enchente e vento Sudeste . Espécie : Caretta caretta , Indeterminado Sim , , , esta ameacada de extincao . Foi encontrado Morto em ambiente Arenoso com o Cod de carcaca 4 e Não apresentava oleo .
Enchente e vento Sudeste	11	1	0	Indivíduo de numero 11 registrado pela equipe do Trecho 05 na cidade de Araquari , Balneário Barra Do Sul , Barra Velha ( Santa Catarina ) , atraves de monitoramento do tipo Regular com a mare Enchente e vento Sudeste . Espécie : Caretta caretta , Indeterminado Sim , , , esta ameacada de extincao . Foi encontrado Morto em ambiente Arenoso com o Cod de carcaca 4 e Não apresentava oleo .
.	11	2	0	Indivíduo de numero 11 registrado pela equipe do Trecho 05 na cidade de Araquari , Balneário Barra Do Sul , Barra Velha ( Santa Catarina ) , atraves de monitoramento do tipo Regular com a mare Enchente e vento Sudeste . Espécie : Caretta caretta , Indeterminado Sim , , , esta ameacada de extincao . Foi encontrado Morto em ambiente Arenoso com o Cod de carcaca 4 e Não apresentava oleo .
Espécie:	11	3	0	Indivíduo de numero 11 registrado pela equipe do Trecho 05 na cidade de Araquari , Balneário Barra Do Sul , Barra Velha ( Santa Catarina ) , atraves de monitoramento do tipo Regular com a mare Enchente e vento Sudeste . Espécie : Caretta caretta , Indeterminado Sim , , , esta ameacada de extincao . Foi encontrado Morto em ambiente Arenoso com o Cod de carcaca 4 e Não apresentava oleo .
Caretta caretta, Indeterminado Sim ,,,esta ameacada de extincao.	11	4	0	Indivíduo de numero 11 registrado pela equipe do Trecho 05 na cidade de Araquari , Balneário Barra Do Sul , Barra Velha ( Santa Catarina ) , atraves de monitoramento do tipo Regular com a mare Enchente e vento Sudeste . Espécie : Caretta caretta , Indeterminado Sim , , , esta ameacada de extincao . Foi encontrado Morto em ambiente Arenoso com o Cod de carcaca 4 e Não apresentava oleo .
Foi encontrado Morto em ambiente	11	5	0	Indivíduo de numero 11 registrado pela equipe do Trecho 05 na cidade de Araquari , Balneário Barra Do Sul , Barra Velha ( Santa Catarina ) , atraves de monitoramento do tipo Regular com a mare Enchente e vento Sudeste . Espécie : Caretta caretta , Indeterminado Sim , , , esta ameacada de extincao . Foi encontrado Morto em ambiente Arenoso com o Cod de carcaca 4 e Não apresentava oleo .
Arenoso com o Cod de carcaca 4 e Não apresentava oleo.	11	6	0	Indivíduo de numero 11 registrado pela equipe do Trecho 05 na cidade de Araquari , Balneário Barra Do Sul , Barra Velha ( Santa Catarina ) , atraves de monitoramento do tipo Regular com a mare Enchente e vento Sudeste . Espécie : Caretta caretta , Indeterminado Sim , , , esta ameacada de extincao . Foi encontrado Morto em ambiente Arenoso com o Cod de carcaca 4 e Não apresentava oleo .
10	11	-1	1	Indivíduo de numero 11 registrado pela equipe do Trecho 05 na cidade de Araquari , Balneário Barra Do Sul , Barra Velha ( Santa Catarina ) , atraves de monitoramento do tipo Regular com a mare Enchente e vento Sudeste . Espécie : Caretta caretta , Indeterminado Sim , , , esta ameacada de extincao . Foi encontrado Morto em ambiente Arenoso com o Cod de carcaca 4 e Não apresentava oleo .
Indivíduo de numero 12 registrado pela equipe do Trecho 04 na cidade de Itapema (Santa Catarina), atraves de monitoramento do tipo Regular com a mare Vazante e vento Sudoeste.	12	0	0	Indivíduo de numero 12 registrado pela equipe do Trecho 04 na cidade de Itapema ( Santa Catarina ) , atraves de monitoramento do tipo Regular com a mare Vazante e vento Sudoeste . Espécie : Chelonia mydas , Juvenil Sim , , , esta ameacada de extincao . Foi encontrado Morto em ambiente Arenoso com o Cod de carcaca 4 e Não apresentava oleo .
Espécie: Chelonia mydas, Juvenil Sim ,,,esta ameacada de extincao.	12	1	0	Indivíduo de numero 12 registrado pela equipe do Trecho 04 na cidade de Itapema ( Santa Catarina ) , atraves de monitoramento do tipo Regular com a mare Vazante e vento Sudoeste . Espécie : Chelonia mydas , Juvenil Sim , , , esta ameacada de extincao . Foi encontrado Morto em ambiente Arenoso com o Cod de carcaca 4 e Não apresentava oleo .
Foi encontrado Morto em ambiente	12	2	0	Indivíduo de numero 12 registrado pela equipe do Trecho 04 na cidade de Itapema ( Santa Catarina ) , atraves de monitoramento do tipo Regular com a mare Vazante e vento Sudoeste . Espécie : Chelonia mydas , Juvenil Sim , , , esta ameacada de extincao . Foi encontrado Morto em ambiente Arenoso com o Cod de carcaca 4 e Não apresentava oleo .
Arenoso com o Cod de carcaca 4 e Não apresentava oleo.	12	3	0	Indivíduo de numero 12 registrado pela equipe do Trecho 04 na cidade de Itapema ( Santa Catarina ) , atraves de monitoramento do tipo Regular com a mare Vazante e vento Sudoeste . Espécie : Chelonia mydas , Juvenil Sim , , , esta ameacada de extincao . Foi encontrado Morto em ambiente Arenoso com o Cod de carcaca 4 e Não apresentava oleo .
11	12	-1	1	Indivíduo de numero 12 registrado pela equipe do Trecho 04 na cidade de Itapema ( Santa Catarina ) , atraves de monitoramento do tipo Regular com a mare Vazante e vento Sudoeste . Espécie : Chelonia mydas , Juvenil Sim , , , esta ameacada de extincao . Foi encontrado Morto em ambiente Arenoso com o Cod de carcaca 4 e Não apresentava oleo .
Indivíduo de numero 13 registrado pela equipe do Trecho 04 na cidade de Balneário Piçarras (Santa Catarina), atraves de monitoramento do tipo Regular com a mare Vazante e vento Sudoeste.	13	0	0	Indivíduo de numero 13 registrado pela equipe do Trecho 04 na cidade de Balneário Piçarras ( Santa Catarina ) , atraves de monitoramento do tipo Regular com a mare Vazante e vento Sudoeste . Espécie : Nannopterum brasilianum , Juvenil Não , , , esta ameacada de extincao . Foi encontrado Morto em ambiente Arenoso com o Cod de carcaca 4 e Não apresentava oleo .
Espécie:	13	1	0	Indivíduo de numero 13 registrado pela equipe do Trecho 04 na cidade de Balneário Piçarras ( Santa Catarina ) , atraves de monitoramento do tipo Regular com a mare Vazante e vento Sudoeste . Espécie : Nannopterum brasilianum , Juvenil Não , , , esta ameacada de extincao . Foi encontrado Morto em ambiente Arenoso com o Cod de carcaca 4 e Não apresentava oleo .
Nannopterum brasilianum, Juvenil Não ,,,esta ameacada de extincao.	13	2	0	Indivíduo de numero 13 registrado pela equipe do Trecho 04 na cidade de Balneário Piçarras ( Santa Catarina ) , atraves de monitoramento do tipo Regular com a mare Vazante e vento Sudoeste . Espécie : Nannopterum brasilianum , Juvenil Não , , , esta ameacada de extincao . Foi encontrado Morto em ambiente Arenoso com o Cod de carcaca 4 e Não apresentava oleo .
Foi encontrado Morto em ambiente	13	3	0	Indivíduo de numero 13 registrado pela equipe do Trecho 04 na cidade de Balneário Piçarras ( Santa Catarina ) , atraves de monitoramento do tipo Regular com a mare Vazante e vento Sudoeste . Espécie : Nannopterum brasilianum , Juvenil Não , , , esta ameacada de extincao . Foi encontrado Morto em ambiente Arenoso com o Cod de carcaca 4 e Não apresentava oleo .
Arenoso com o Cod de carcaca 4 e Não apresentava oleo.	13	4	0	Indivíduo de numero 13 registrado pela equipe do Trecho 04 na cidade de Balneário Piçarras ( Santa Catarina ) , atraves de monitoramento do tipo Regular com a mare Vazante e vento Sudoeste . Espécie : Nannopterum brasilianum , Juvenil Não , , , esta ameacada de extincao . Foi encontrado Morto em ambiente Arenoso com o Cod de carcaca 4 e Não apresentava oleo .
12	13	-1	1	Indivíduo de numero 13 registrado pela equipe do Trecho 04 na cidade de Balneário Piçarras ( Santa Catarina ) , atraves de monitoramento do tipo Regular com a mare Vazante e vento Sudoeste . Espécie : Nannopterum brasilianum , Juvenil Não , , , esta ameacada de extincao . Foi encontrado Morto em ambiente Arenoso com o Cod de carcaca 4 e Não apresentava oleo .
Indivíduo de numero 14 registrado pela equipe do Trecho 01 na cidade de Imbituba (Santa Catarina), atraves de monitoramento do tipo	14	0	0	Indivíduo de numero 14 registrado pela equipe do Trecho 01 na cidade de Imbituba ( Santa Catarina ) , atraves de monitoramento do tipo Acionamento com a mare Vazante e vento Sudoeste . Espécie : Lepidochelys olivacea , Juvenil Sim , , , esta ameacada de extincao . Foi encontrado Morto em ambiente Arenoso com o Cod de carcaca 4 e Não apresentava oleo .
Acionamento com a mare Vazante e vento	14	1	0	Indivíduo de numero 14 registrado pela equipe do Trecho 01 na cidade de Imbituba ( Santa Catarina ) , atraves de monitoramento do tipo Acionamento com a mare Vazante e vento Sudoeste . Espécie : Lepidochelys olivacea , Juvenil Sim , , , esta ameacada de extincao . Foi encontrado Morto em ambiente Arenoso com o Cod de carcaca 4 e Não apresentava oleo .
Sudoeste.	14	2	0	Indivíduo de numero 14 registrado pela equipe do Trecho 01 na cidade de Imbituba ( Santa Catarina ) , atraves de monitoramento do tipo Acionamento com a mare Vazante e vento Sudoeste . Espécie : Lepidochelys olivacea , Juvenil Sim , , , esta ameacada de extincao . Foi encontrado Morto em ambiente Arenoso com o Cod de carcaca 4 e Não apresentava oleo .
Espécie:	14	3	0	Indivíduo de numero 14 registrado pela equipe do Trecho 01 na cidade de Imbituba ( Santa Catarina ) , atraves de monitoramento do tipo Acionamento com a mare Vazante e vento Sudoeste . Espécie : Lepidochelys olivacea , Juvenil Sim , , , esta ameacada de extincao . Foi encontrado Morto em ambiente Arenoso com o Cod de carcaca 4 e Não apresentava oleo .
Lepidochelys olivacea, Juvenil Sim ,,,esta ameacada de extincao.	14	4	0	Indivíduo de numero 14 registrado pela equipe do Trecho 01 na cidade de Imbituba ( Santa Catarina ) , atraves de monitoramento do tipo Acionamento com a mare Vazante e vento Sudoeste . Espécie : Lepidochelys olivacea , Juvenil Sim , , , esta ameacada de extincao . Foi encontrado Morto em ambiente Arenoso com o Cod de carcaca 4 e Não apresentava oleo .
Foi encontrado Morto em ambiente	14	5	0	Indivíduo de numero 14 registrado pela equipe do Trecho 01 na cidade de Imbituba ( Santa Catarina ) , atraves de monitoramento do tipo Acionamento com a mare Vazante e vento Sudoeste . Espécie : Lepidochelys olivacea , Juvenil Sim , , , esta ameacada de extincao . Foi encontrado Morto em ambiente Arenoso com o Cod de carcaca 4 e Não apresentava oleo .
Arenoso com o Cod de carcaca 4 e Não apresentava oleo.	14	6	0	Indivíduo de numero 14 registrado pela equipe do Trecho 01 na cidade de Imbituba ( Santa Catarina ) , atraves de monitoramento do tipo Acionamento com a mare Vazante e vento Sudoeste . Espécie : Lepidochelys olivacea , Juvenil Sim , , , esta ameacada de extincao . Foi encontrado Morto em ambiente Arenoso com o Cod de carcaca 4 e Não apresentava oleo .
13	14	-1	1	Indivíduo de numero 14 registrado pela equipe do Trecho 01 na cidade de Imbituba ( Santa Catarina ) , atraves de monitoramento do tipo Acionamento com a mare Vazante e vento Sudoeste . Espécie : Lepidochelys olivacea , Juvenil Sim , , , esta ameacada de extincao . Foi encontrado Morto em ambiente Arenoso com o Cod de carcaca 4 e Não apresentava oleo .
Indivíduo de numero 15 registrado pela equipe do Trecho 06 na cidade de Guaratuba (Paraná), atraves de monitoramento do tipo	15	0	0	Indivíduo de numero 15 registrado pela equipe do Trecho 06 na cidade de Guaratuba ( Paraná ) , atraves de monitoramento do tipo Acionamento com a mare Enchente e vento Sul . Espécie : Chelonia mydas , Juvenil Sim , , , esta ameacada de extincao . Foi encontrado Morto em ambiente Arenoso com o Cod de carcaca 3 e Não apresentava oleo .
Acionamento com a mare	15	1	0	Indivíduo de numero 15 registrado pela equipe do Trecho 06 na cidade de Guaratuba ( Paraná ) , atraves de monitoramento do tipo Acionamento com a mare Enchente e vento Sul . Espécie : Chelonia mydas , Juvenil Sim , , , esta ameacada de extincao . Foi encontrado Morto em ambiente Arenoso com o Cod de carcaca 3 e Não apresentava oleo .
Enchente e vento Sul	15	2	0	Indivíduo de numero 15 registrado pela equipe do Trecho 06 na cidade de Guaratuba ( Paraná ) , atraves de monitoramento do tipo Acionamento com a mare Enchente e vento Sul . Espécie : Chelonia mydas , Juvenil Sim , , , esta ameacada de extincao . Foi encontrado Morto em ambiente Arenoso com o Cod de carcaca 3 e Não apresentava oleo .
.	15	3	0	Indivíduo de numero 15 registrado pela equipe do Trecho 06 na cidade de Guaratuba ( Paraná ) , atraves de monitoramento do tipo Acionamento com a mare Enchente e vento Sul . Espécie : Chelonia mydas , Juvenil Sim , , , esta ameacada de extincao . Foi encontrado Morto em ambiente Arenoso com o Cod de carcaca 3 e Não apresentava oleo .
Espécie: Chelonia mydas, Juvenil Sim ,,,esta ameacada de extincao.	15	4	0	Indivíduo de numero 15 registrado pela equipe do Trecho 06 na cidade de Guaratuba ( Paraná ) , atraves de monitoramento do tipo Acionamento com a mare Enchente e vento Sul . Espécie : Chelonia mydas , Juvenil Sim , , , esta ameacada de extincao . Foi encontrado Morto em ambiente Arenoso com o Cod de carcaca 3 e Não apresentava oleo .
Foi encontrado Morto em ambiente	15	5	0	Indivíduo de numero 15 registrado pela equipe do Trecho 06 na cidade de Guaratuba ( Paraná ) , atraves de monitoramento do tipo Acionamento com a mare Enchente e vento Sul . Espécie : Chelonia mydas , Juvenil Sim , , , esta ameacada de extincao . Foi encontrado Morto em ambiente Arenoso com o Cod de carcaca 3 e Não apresentava oleo .
Arenoso com o Cod de carcaca 3 e Não apresentava oleo.	15	6	0	Indivíduo de numero 15 registrado pela equipe do Trecho 06 na cidade de Guaratuba ( Paraná ) , atraves de monitoramento do tipo Acionamento com a mare Enchente e vento Sul . Espécie : Chelonia mydas , Juvenil Sim , , , esta ameacada de extincao . Foi encontrado Morto em ambiente Arenoso com o Cod de carcaca 3 e Não apresentava oleo .
14	15	-1	1	Indivíduo de numero 15 registrado pela equipe do Trecho 06 na cidade de Guaratuba ( Paraná ) , atraves de monitoramento do tipo Acionamento com a mare Enchente e vento Sul . Espécie : Chelonia mydas , Juvenil Sim , , , esta ameacada de extincao . Foi encontrado Morto em ambiente Arenoso com o Cod de carcaca 3 e Não apresentava oleo .
Indivíduo de numero 16 registrado pela equipe do Trecho 05 na cidade de São Francisco Do Sul (Santa Catarina), atraves de monitoramento do tipo	16	0	0	Indivíduo de numero 16 registrado pela equipe do Trecho 05 na cidade de São Francisco Do Sul ( Santa Catarina ) , atraves de monitoramento do tipo Acionamento com a mare Vazante e vento Sudeste . Espécie : Caretta caretta , Indeterminado Sim , , , esta ameacada de extincao . Foi encontrado Morto em ambiente Arenoso com o Cod de carcaca 4 e Não apresentava oleo .
Acionamento com a mare Vazante e vento Sudeste.	16	1	0	Indivíduo de numero 16 registrado pela equipe do Trecho 05 na cidade de São Francisco Do Sul ( Santa Catarina ) , atraves de monitoramento do tipo Acionamento com a mare Vazante e vento Sudeste . Espécie : Caretta caretta , Indeterminado Sim , , , esta ameacada de extincao . Foi encontrado Morto em ambiente Arenoso com o Cod de carcaca 4 e Não apresentava oleo .
Espécie:	16	2	0	Indivíduo de numero 16 registrado pela equipe do Trecho 05 na cidade de São Francisco Do Sul ( Santa Catarina ) , atraves de monitoramento do tipo Acionamento com a mare Vazante e vento Sudeste . Espécie : Caretta caretta , Indeterminado Sim , , , esta ameacada de extincao . Foi encontrado Morto em ambiente Arenoso com o Cod de carcaca 4 e Não apresentava oleo .
Caretta caretta, Indeterminado Sim ,,,esta ameacada de extincao.	16	3	0	Indivíduo de numero 16 registrado pela equipe do Trecho 05 na cidade de São Francisco Do Sul ( Santa Catarina ) , atraves de monitoramento do tipo Acionamento com a mare Vazante e vento Sudeste . Espécie : Caretta caretta , Indeterminado Sim , , , esta ameacada de extincao . Foi encontrado Morto em ambiente Arenoso com o Cod de carcaca 4 e Não apresentava oleo .
Foi encontrado Morto em ambiente	16	4	0	Indivíduo de numero 16 registrado pela equipe do Trecho 05 na cidade de São Francisco Do Sul ( Santa Catarina ) , atraves de monitoramento do tipo Acionamento com a mare Vazante e vento Sudeste . Espécie : Caretta caretta , Indeterminado Sim , , , esta ameacada de extincao . Foi encontrado Morto em ambiente Arenoso com o Cod de carcaca 4 e Não apresentava oleo .
Arenoso com o Cod de carcaca 4 e Não apresentava oleo.	16	5	0	Indivíduo de numero 16 registrado pela equipe do Trecho 05 na cidade de São Francisco Do Sul ( Santa Catarina ) , atraves de monitoramento do tipo Acionamento com a mare Vazante e vento Sudeste . Espécie : Caretta caretta , Indeterminado Sim , , , esta ameacada de extincao . Foi encontrado Morto em ambiente Arenoso com o Cod de carcaca 4 e Não apresentava oleo .
15	16	-1	1	Indivíduo de numero 16 registrado pela equipe do Trecho 05 na cidade de São Francisco Do Sul ( Santa Catarina ) , atraves de monitoramento do tipo Acionamento com a mare Vazante e vento Sudeste . Espécie : Caretta caretta , Indeterminado Sim , , , esta ameacada de extincao . Foi encontrado Morto em ambiente Arenoso com o Cod de carcaca 4 e Não apresentava oleo .
Indivíduo de numero 17 registrado pela equipe do Trecho 01 na cidade de Laguna (Santa Catarina), atraves de monitoramento do tipo Regular com a mare Vazante e vento Sudoeste.	17	0	0	Indivíduo de numero 17 registrado pela equipe do Trecho 01 na cidade de Laguna ( Santa Catarina ) , atraves de monitoramento do tipo Regular com a mare Vazante e vento Sudoeste . Espécie : Pontoporia blainvillei , Juvenil Sim , , , esta ameacada de extincao . Foi encontrado Morto em ambiente Arenoso com o Cod de carcaca 4 e Não apresentava oleo .
Espécie: Pontoporia blainvillei, Juvenil Sim ,,,esta ameacada de extincao.	17	1	0	Indivíduo de numero 17 registrado pela equipe do Trecho 01 na cidade de Laguna ( Santa Catarina ) , atraves de monitoramento do tipo Regular com a mare Vazante e vento Sudoeste . Espécie : Pontoporia blainvillei , Juvenil Sim , , , esta ameacada de extincao . Foi encontrado Morto em ambiente Arenoso com o Cod de carcaca 4 e Não apresentava oleo .
Foi encontrado Morto em ambiente	17	2	0	Indivíduo de numero 17 registrado pela equipe do Trecho 01 na cidade de Laguna ( Santa Catarina ) , atraves de monitoramento do tipo Regular com a mare Vazante e vento Sudoeste . Espécie : Pontoporia blainvillei , Juvenil Sim , , , esta ameacada de extincao . Foi encontrado Morto em ambiente Arenoso com o Cod de carcaca 4 e Não apresentava oleo .
Arenoso com o Cod de carcaca 4 e Não apresentava oleo.	17	3	0	Indivíduo de numero 17 registrado pela equipe do Trecho 01 na cidade de Laguna ( Santa Catarina ) , atraves de monitoramento do tipo Regular com a mare Vazante e vento Sudoeste . Espécie : Pontoporia blainvillei , Juvenil Sim , , , esta ameacada de extincao . Foi encontrado Morto em ambiente Arenoso com o Cod de carcaca 4 e Não apresentava oleo .
16	17	-1	1	Indivíduo de numero 17 registrado pela equipe do Trecho 01 na cidade de Laguna ( Santa Catarina ) , atraves de monitoramento do tipo Regular com a mare Vazante e vento Sudoeste . Espécie : Pontoporia blainvillei , Juvenil Sim , , , esta ameacada de extincao . Foi encontrado Morto em ambiente Arenoso com o Cod de carcaca 4 e Não apresentava oleo .
Indivíduo de numero 18 registrado pela equipe do Trecho 01 na cidade de Laguna (Santa Catarina), atraves de monitoramento do tipo Regular com a mare Vazante e vento Sudoeste.	18	0	0	Indivíduo de numero 18 registrado pela equipe do Trecho 01 na cidade de Laguna ( Santa Catarina ) , atraves de monitoramento do tipo Regular com a mare Vazante e vento Sudoeste . Espécie : Chelonia mydas , Adulto Sim , , , esta ameacada de extincao . Foi encontrado Morto em ambiente Arenoso com o Cod de carcaca 4 e Não apresentava oleo .
Espécie: Chelonia mydas, Adulto Sim ,,,esta ameacada de extincao.	18	1	0	Indivíduo de numero 18 registrado pela equipe do Trecho 01 na cidade de Laguna ( Santa Catarina ) , atraves de monitoramento do tipo Regular com a mare Vazante e vento Sudoeste . Espécie : Chelonia mydas , Adulto Sim , , , esta ameacada de extincao . Foi encontrado Morto em ambiente Arenoso com o Cod de carcaca 4 e Não apresentava oleo .
Foi encontrado Morto em ambiente	18	2	0	Indivíduo de numero 18 registrado pela equipe do Trecho 01 na cidade de Laguna ( Santa Catarina ) , atraves de monitoramento do tipo Regular com a mare Vazante e vento Sudoeste . Espécie : Chelonia mydas , Adulto Sim , , , esta ameacada de extincao . Foi encontrado Morto em ambiente Arenoso com o Cod de carcaca 4 e Não apresentava oleo .
Arenoso com o Cod de carcaca 4 e Não apresentava oleo.	18	3	0	Indivíduo de numero 18 registrado pela equipe do Trecho 01 na cidade de Laguna ( Santa Catarina ) , atraves de monitoramento do tipo Regular com a mare Vazante e vento Sudoeste . Espécie : Chelonia mydas , Adulto Sim , , , esta ameacada de extincao . Foi encontrado Morto em ambiente Arenoso com o Cod de carcaca 4 e Não apresentava oleo .
17	18	-1	1	Indivíduo de numero 18 registrado pela equipe do Trecho 01 na cidade de Laguna ( Santa Catarina ) , atraves de monitoramento do tipo Regular com a mare Vazante e vento Sudoeste . Espécie : Chelonia mydas , Adulto Sim , , , esta ameacada de extincao . Foi encontrado Morto em ambiente Arenoso com o Cod de carcaca 4 e Não apresentava oleo .
Indivíduo de numero 19 registrado pela equipe do Trecho 05 na cidade de São Francisco Do Sul (Santa Catarina), atraves de monitoramento do tipo	19	0	0	Indivíduo de numero 19 registrado pela equipe do Trecho 05 na cidade de São Francisco Do Sul ( Santa Catarina ) , atraves de monitoramento do tipo Acionamento com a mare Indeterminado e vento Sul . Espécie : Sula leucogaster , Juvenil Não , , , esta ameacada de extincao . Foi encontrado Vivo em ambiente Arenoso com o Cod de carcaca 1 e Não apresentava oleo .
Acionamento com a mare Indeterminado e vento Sul.	19	1	0	Indivíduo de numero 19 registrado pela equipe do Trecho 05 na cidade de São Francisco Do Sul ( Santa Catarina ) , atraves de monitoramento do tipo Acionamento com a mare Indeterminado e vento Sul . Espécie : Sula leucogaster , Juvenil Não , , , esta ameacada de extincao . Foi encontrado Vivo em ambiente Arenoso com o Cod de carcaca 1 e Não apresentava oleo .
Espécie:	19	2	0	Indivíduo de numero 19 registrado pela equipe do Trecho 05 na cidade de São Francisco Do Sul ( Santa Catarina ) , atraves de monitoramento do tipo Acionamento com a mare Indeterminado e vento Sul . Espécie : Sula leucogaster , Juvenil Não , , , esta ameacada de extincao . Foi encontrado Vivo em ambiente Arenoso com o Cod de carcaca 1 e Não apresentava oleo .
Sula leucogaster, Juvenil Não ,,,esta ameacada de extincao.	19	3	0	Indivíduo de numero 19 registrado pela equipe do Trecho 05 na cidade de São Francisco Do Sul ( Santa Catarina ) , atraves de monitoramento do tipo Acionamento com a mare Indeterminado e vento Sul . Espécie : Sula leucogaster , Juvenil Não , , , esta ameacada de extincao . Foi encontrado Vivo em ambiente Arenoso com o Cod de carcaca 1 e Não apresentava oleo .
Foi encontrado Vivo em ambiente Arenoso com o Cod de carcaca 1 e Não apresentava oleo.	19	4	0	Indivíduo de numero 19 registrado pela equipe do Trecho 05 na cidade de São Francisco Do Sul ( Santa Catarina ) , atraves de monitoramento do tipo Acionamento com a mare Indeterminado e vento Sul . Espécie : Sula leucogaster , Juvenil Não , , , esta ameacada de extincao . Foi encontrado Vivo em ambiente Arenoso com o Cod de carcaca 1 e Não apresentava oleo .
18	19	-1	1	Indivíduo de numero 19 registrado pela equipe do Trecho 05 na cidade de São Francisco Do Sul ( Santa Catarina ) , atraves de monitoramento do tipo Acionamento com a mare Indeterminado e vento Sul . Espécie : Sula leucogaster , Juvenil Não , , , esta ameacada de extincao . Foi encontrado Vivo em ambiente Arenoso com o Cod de carcaca 1 e Não apresentava oleo .
Indivíduo de numero 20 registrado pela equipe do Trecho 04 na cidade de Barra Velha (Santa Catarina), atraves de monitoramento do tipo Regular com a mare Vazante e vento Sul.	20	0	0	Indivíduo de numero 20 registrado pela equipe do Trecho 04 na cidade de Barra Velha ( Santa Catarina ) , atraves de monitoramento do tipo Regular com a mare Vazante e vento Sul . Espécie : Chelonia mydas , Juvenil Sim , , , esta ameacada de extincao . Foi encontrado Morto em ambiente Arenoso com o Cod de carcaca 4 e Não apresentava oleo .
Espécie: Chelonia mydas, Juvenil Sim ,,,esta ameacada de extincao.	20	1	0	Indivíduo de numero 20 registrado pela equipe do Trecho 04 na cidade de Barra Velha ( Santa Catarina ) , atraves de monitoramento do tipo Regular com a mare Vazante e vento Sul . Espécie : Chelonia mydas , Juvenil Sim , , , esta ameacada de extincao . Foi encontrado Morto em ambiente Arenoso com o Cod de carcaca 4 e Não apresentava oleo .
Foi encontrado Morto em ambiente	20	2	0	Indivíduo de numero 20 registrado pela equipe do Trecho 04 na cidade de Barra Velha ( Santa Catarina ) , atraves de monitoramento do tipo Regular com a mare Vazante e vento Sul . Espécie : Chelonia mydas , Juvenil Sim , , , esta ameacada de extincao . Foi encontrado Morto em ambiente Arenoso com o Cod de carcaca 4 e Não apresentava oleo .
Arenoso com o Cod de carcaca 4 e Não apresentava oleo.	20	3	0	Indivíduo de numero 20 registrado pela equipe do Trecho 04 na cidade de Barra Velha ( Santa Catarina ) , atraves de monitoramento do tipo Regular com a mare Vazante e vento Sul . Espécie : Chelonia mydas , Juvenil Sim , , , esta ameacada de extincao . Foi encontrado Morto em ambiente Arenoso com o Cod de carcaca 4 e Não apresentava oleo .
19	20	-1	1	Indivíduo de numero 20 registrado pela equipe do Trecho 04 na cidade de Barra Velha ( Santa Catarina ) , atraves de monitoramento do tipo Regular com a mare Vazante e vento Sul . Espécie : Chelonia mydas , Juvenil Sim , , , esta ameacada de extincao . Foi encontrado Morto em ambiente Arenoso com o Cod de carcaca 4 e Não apresentava oleo .
Indivíduo de numero 21 registrado pela equipe do Trecho 04 na cidade de Barra Velha (Santa Catarina), atraves de monitoramento do tipo Regular com a mare Vazante e vento Sul.	21	0	0	Indivíduo de numero 21 registrado pela equipe do Trecho 04 na cidade de Barra Velha ( Santa Catarina ) , atraves de monitoramento do tipo Regular com a mare Vazante e vento Sul . Espécie : Chelonia mydas , Juvenil Sim , , , esta ameacada de extincao . Foi encontrado Morto em ambiente Arenoso com o Cod de carcaca 4 e Não apresentava oleo .
Espécie: Chelonia mydas, Juvenil Sim ,,,esta ameacada de extincao.	21	1	0	Indivíduo de numero 21 registrado pela equipe do Trecho 04 na cidade de Barra Velha ( Santa Catarina ) , atraves de monitoramento do tipo Regular com a mare Vazante e vento Sul . Espécie : Chelonia mydas , Juvenil Sim , , , esta ameacada de extincao . Foi encontrado Morto em ambiente Arenoso com o Cod de carcaca 4 e Não apresentava oleo .
Foi encontrado Morto em ambiente	21	2	0	Indivíduo de numero 21 registrado pela equipe do Trecho 04 na cidade de Barra Velha ( Santa Catarina ) , atraves de monitoramento do tipo Regular com a mare Vazante e vento Sul . Espécie : Chelonia mydas , Juvenil Sim , , , esta ameacada de extincao . Foi encontrado Morto em ambiente Arenoso com o Cod de carcaca 4 e Não apresentava oleo .
Arenoso com o Cod de carcaca 4 e Não apresentava oleo.	21	3	0	Indivíduo de numero 21 registrado pela equipe do Trecho 04 na cidade de Barra Velha ( Santa Catarina ) , atraves de monitoramento do tipo Regular com a mare Vazante e vento Sul . Espécie : Chelonia mydas , Juvenil Sim , , , esta ameacada de extincao . Foi encontrado Morto em ambiente Arenoso com o Cod de carcaca 4 e Não apresentava oleo .
20	21	-1	1	Indivíduo de numero 21 registrado pela equipe do Trecho 04 na cidade de Barra Velha ( Santa Catarina ) , atraves de monitoramento do tipo Regular com a mare Vazante e vento Sul . Espécie : Chelonia mydas , Juvenil Sim , , , esta ameacada de extincao . Foi encontrado Morto em ambiente Arenoso com o Cod de carcaca 4 e Não apresentava oleo .
Indivíduo de numero 22 registrado pela equipe do Trecho 04 na cidade de Barra Velha (Santa Catarina), atraves de monitoramento do tipo Regular com a mare Vazante e vento Sul.	22	0	0	Indivíduo de numero 22 registrado pela equipe do Trecho 04 na cidade de Barra Velha ( Santa Catarina ) , atraves de monitoramento do tipo Regular com a mare Vazante e vento Sul . Espécie : Chelonia mydas , Juvenil Sim , , , esta ameacada de extincao . Foi encontrado Morto em ambiente Arenoso com o Cod de carcaca 4 e Não apresentava oleo .
Espécie: Chelonia mydas, Juvenil Sim ,,,esta ameacada de extincao.	22	1	0	Indivíduo de numero 22 registrado pela equipe do Trecho 04 na cidade de Barra Velha ( Santa Catarina ) , atraves de monitoramento do tipo Regular com a mare Vazante e vento Sul . Espécie : Chelonia mydas , Juvenil Sim , , , esta ameacada de extincao . Foi encontrado Morto em ambiente Arenoso com o Cod de carcaca 4 e Não apresentava oleo .
Foi encontrado Morto em ambiente	22	2	0	Indivíduo de numero 22 registrado pela equipe do Trecho 04 na cidade de Barra Velha ( Santa Catarina ) , atraves de monitoramento do tipo Regular com a mare Vazante e vento Sul . Espécie : Chelonia mydas , Juvenil Sim , , , esta ameacada de extincao . Foi encontrado Morto em ambiente Arenoso com o Cod de carcaca 4 e Não apresentava oleo .
Arenoso com o Cod de carcaca 4 e Não apresentava oleo.	22	3	0	Indivíduo de numero 22 registrado pela equipe do Trecho 04 na cidade de Barra Velha ( Santa Catarina ) , atraves de monitoramento do tipo Regular com a mare Vazante e vento Sul . Espécie : Chelonia mydas , Juvenil Sim , , , esta ameacada de extincao . Foi encontrado Morto em ambiente Arenoso com o Cod de carcaca 4 e Não apresentava oleo .
21	22	-1	1	Indivíduo de numero 22 registrado pela equipe do Trecho 04 na cidade de Barra Velha ( Santa Catarina ) , atraves de monitoramento do tipo Regular com a mare Vazante e vento Sul . Espécie : Chelonia mydas , Juvenil Sim , , , esta ameacada de extincao . Foi encontrado Morto em ambiente Arenoso com o Cod de carcaca 4 e Não apresentava oleo .
Indivíduo de numero 23 registrado pela equipe do Trecho 05 na cidade de São Francisco Do Sul (Santa Catarina), atraves de monitoramento do tipo Regular com a mare	23	0	0	Indivíduo de numero 23 registrado pela equipe do Trecho 05 na cidade de São Francisco Do Sul ( Santa Catarina ) , atraves de monitoramento do tipo Regular com a mare Enchente e vento N /A. Espécie : Sula leucogaster , Juvenil Não , , , esta ameacada de extincao . Foi encontrado Vivo em ambiente Arenoso com o Cod de carcaca 1 e Não apresentava oleo .
Enchente e vento N	23	1	0	Indivíduo de numero 23 registrado pela equipe do Trecho 05 na cidade de São Francisco Do Sul ( Santa Catarina ) , atraves de monitoramento do tipo Regular com a mare Enchente e vento N /A. Espécie : Sula leucogaster , Juvenil Não , , , esta ameacada de extincao . Foi encontrado Vivo em ambiente Arenoso com o Cod de carcaca 1 e Não apresentava oleo .
/A.	23	2	0	Indivíduo de numero 23 registrado pela equipe do Trecho 05 na cidade de São Francisco Do Sul ( Santa Catarina ) , atraves de monitoramento do tipo Regular com a mare Enchente e vento N /A. Espécie : Sula leucogaster , Juvenil Não , , , esta ameacada de extincao . Foi encontrado Vivo em ambiente Arenoso com o Cod de carcaca 1 e Não apresentava oleo .
Espécie:	23	3	0	Indivíduo de numero 23 registrado pela equipe do Trecho 05 na cidade de São Francisco Do Sul ( Santa Catarina ) , atraves de monitoramento do tipo Regular com a mare Enchente e vento N /A. Espécie : Sula leucogaster , Juvenil Não , , , esta ameacada de extincao . Foi encontrado Vivo em ambiente Arenoso com o Cod de carcaca 1 e Não apresentava oleo .
Sula leucogaster, Juvenil Não ,,,esta ameacada de extincao.	23	4	0	Indivíduo de numero 23 registrado pela equipe do Trecho 05 na cidade de São Francisco Do Sul ( Santa Catarina ) , atraves de monitoramento do tipo Regular com a mare Enchente e vento N /A. Espécie : Sula leucogaster , Juvenil Não , , , esta ameacada de extincao . Foi encontrado Vivo em ambiente Arenoso com o Cod de carcaca 1 e Não apresentava oleo .
Foi encontrado Vivo em ambiente Arenoso com o Cod de carcaca 1 e Não apresentava oleo.	23	5	0	Indivíduo de numero 23 registrado pela equipe do Trecho 05 na cidade de São Francisco Do Sul ( Santa Catarina ) , atraves de monitoramento do tipo Regular com a mare Enchente e vento N /A. Espécie : Sula leucogaster , Juvenil Não , , , esta ameacada de extincao . Foi encontrado Vivo em ambiente Arenoso com o Cod de carcaca 1 e Não apresentava oleo .
22	23	-1	1	Indivíduo de numero 23 registrado pela equipe do Trecho 05 na cidade de São Francisco Do Sul ( Santa Catarina ) , atraves de monitoramento do tipo Regular com a mare Enchente e vento N /A. Espécie : Sula leucogaster , Juvenil Não , , , esta ameacada de extincao . Foi encontrado Vivo em ambiente Arenoso com o Cod de carcaca 1 e Não apresentava oleo .
Indivíduo de numero 24 registrado pela equipe do Trecho 05 na cidade de Balneário Barra Do Sul (Santa Catarina), atraves de monitoramento do tipo	24	0	0	Indivíduo de numero 24 registrado pela equipe do Trecho 05 na cidade de Balneário Barra Do Sul ( Santa Catarina ) , atraves de monitoramento do tipo Acionamento com a mare Indeterminado e vento N / A. Espécie : Sula leucogaster , Juvenil Não , , , esta ameacada de extincao . Foi encontrado Vivo em ambiente Outros com o Cod de carcaca 1 e Não apresentava oleo .
Acionamento com a mare Indeterminado e vento N/A. Espécie:	24	1	0	Indivíduo de numero 24 registrado pela equipe do Trecho 05 na cidade de Balneário Barra Do Sul ( Santa Catarina ) , atraves de monitoramento do tipo Acionamento com a mare Indeterminado e vento N / A. Espécie : Sula leucogaster , Juvenil Não , , , esta ameacada de extincao . Foi encontrado Vivo em ambiente Outros com o Cod de carcaca 1 e Não apresentava oleo .
Sula leucogaster, Juvenil Não ,,,esta ameacada de extincao.	24	2	0	Indivíduo de numero 24 registrado pela equipe do Trecho 05 na cidade de Balneário Barra Do Sul ( Santa Catarina ) , atraves de monitoramento do tipo Acionamento com a mare Indeterminado e vento N / A. Espécie : Sula leucogaster , Juvenil Não , , , esta ameacada de extincao . Foi encontrado Vivo em ambiente Outros com o Cod de carcaca 1 e Não apresentava oleo .
Foi encontrado Vivo em ambiente	24	3	0	Indivíduo de numero 24 registrado pela equipe do Trecho 05 na cidade de Balneário Barra Do Sul ( Santa Catarina ) , atraves de monitoramento do tipo Acionamento com a mare Indeterminado e vento N / A. Espécie : Sula leucogaster , Juvenil Não , , , esta ameacada de extincao . Foi encontrado Vivo em ambiente Outros com o Cod de carcaca 1 e Não apresentava oleo .
Outros com o Cod de carcaca 1 e Não apresentava oleo.	24	4	0	Indivíduo de numero 24 registrado pela equipe do Trecho 05 na cidade de Balneário Barra Do Sul ( Santa Catarina ) , atraves de monitoramento do tipo Acionamento com a mare Indeterminado e vento N / A. Espécie : Sula leucogaster , Juvenil Não , , , esta ameacada de extincao . Foi encontrado Vivo em ambiente Outros com o Cod de carcaca 1 e Não apresentava oleo .
23	24	-1	1	Indivíduo de numero 24 registrado pela equipe do Trecho 05 na cidade de Balneário Barra Do Sul ( Santa Catarina ) , atraves de monitoramento do tipo Acionamento com a mare Indeterminado e vento N / A. Espécie : Sula leucogaster , Juvenil Não , , , esta ameacada de extincao . Foi encontrado Vivo em ambiente Outros com o Cod de carcaca 1 e Não apresentava oleo .
Indivíduo de numero 25 registrado pela equipe do Trecho 06 na cidade de Guaraqueçaba (Paraná), atraves de monitoramento do tipo Regular com a mare Vazante e vento Sudoeste.	25	0	0	Indivíduo de numero 25 registrado pela equipe do Trecho 06 na cidade de Guaraqueçaba ( Paraná ) , atraves de monitoramento do tipo Regular com a mare Vazante e vento Sudoeste . Espécie : Caretta caretta , Juvenil Sim , , , esta ameacada de extincao . Foi encontrado Vivo em ambiente Arenoso com o Cod de carcaca 1 e Não apresentava oleo .
Espécie:	25	1	0	Indivíduo de numero 25 registrado pela equipe do Trecho 06 na cidade de Guaraqueçaba ( Paraná ) , atraves de monitoramento do tipo Regular com a mare Vazante e vento Sudoeste . Espécie : Caretta caretta , Juvenil Sim , , , esta ameacada de extincao . Foi encontrado Vivo em ambiente Arenoso com o Cod de carcaca 1 e Não apresentava oleo .
Caretta caretta, Juvenil Sim ,,,esta ameacada de extincao.	25	2	0	Indivíduo de numero 25 registrado pela equipe do Trecho 06 na cidade de Guaraqueçaba ( Paraná ) , atraves de monitoramento do tipo Regular com a mare Vazante e vento Sudoeste . Espécie : Caretta caretta , Juvenil Sim , , , esta ameacada de extincao . Foi encontrado Vivo em ambiente Arenoso com o Cod de carcaca 1 e Não apresentava oleo .
Foi encontrado Vivo em ambiente Arenoso com o Cod de carcaca 1 e Não apresentava oleo.	25	3	0	Indivíduo de numero 25 registrado pela equipe do Trecho 06 na cidade de Guaraqueçaba ( Paraná ) , atraves de monitoramento do tipo Regular com a mare Vazante e vento Sudoeste . Espécie : Caretta caretta , Juvenil Sim , , , esta ameacada de extincao . Foi encontrado Vivo em ambiente Arenoso com o Cod de carcaca 1 e Não apresentava oleo .
24	25	-1	1	Indivíduo de numero 25 registrado pela equipe do Trecho 06 na cidade de Guaraqueçaba ( Paraná ) , atraves de monitoramento do tipo Regular com a mare Vazante e vento Sudoeste . Espécie : Caretta caretta , Juvenil Sim , , , esta ameacada de extincao . Foi encontrado Vivo em ambiente Arenoso com o Cod de carcaca 1 e Não apresentava oleo .
Indivíduo de numero 26 registrado pela equipe do Trecho 06 na cidade de Matinhos,Pontal Do Paraná (Paraná), atraves de monitoramento do tipo	26	0	0	Indivíduo de numero 26 registrado pela equipe do Trecho 06 na cidade de Matinhos , Pontal Do Paraná ( Paraná ) , atraves de monitoramento do tipo Acionamento com a mare Indeterminado e vento Sul . Espécie : Stenella frontalis , Juvenil Não , , , esta ameacada de extincao . Foi encontrado Morto em ambiente Arenoso com o Cod de carcaca 4 e Não apresentava oleo .
Acionamento com a mare Indeterminado e vento Sul.	26	1	0	Indivíduo de numero 26 registrado pela equipe do Trecho 06 na cidade de Matinhos , Pontal Do Paraná ( Paraná ) , atraves de monitoramento do tipo Acionamento com a mare Indeterminado e vento Sul . Espécie : Stenella frontalis , Juvenil Não , , , esta ameacada de extincao . Foi encontrado Morto em ambiente Arenoso com o Cod de carcaca 4 e Não apresentava oleo .
Espécie:	26	2	0	Indivíduo de numero 26 registrado pela equipe do Trecho 06 na cidade de Matinhos , Pontal Do Paraná ( Paraná ) , atraves de monitoramento do tipo Acionamento com a mare Indeterminado e vento Sul . Espécie : Stenella frontalis , Juvenil Não , , , esta ameacada de extincao . Foi encontrado Morto em ambiente Arenoso com o Cod de carcaca 4 e Não apresentava oleo .
Stenella frontalis, Juvenil Não ,,,esta ameacada de extincao.	26	3	0	Indivíduo de numero 26 registrado pela equipe do Trecho 06 na cidade de Matinhos , Pontal Do Paraná ( Paraná ) , atraves de monitoramento do tipo Acionamento com a mare Indeterminado e vento Sul . Espécie : Stenella frontalis , Juvenil Não , , , esta ameacada de extincao . Foi encontrado Morto em ambiente Arenoso com o Cod de carcaca 4 e Não apresentava oleo .
Foi encontrado Morto em ambiente	26	4	0	Indivíduo de numero 26 registrado pela equipe do Trecho 06 na cidade de Matinhos , Pontal Do Paraná ( Paraná ) , atraves de monitoramento do tipo Acionamento com a mare Indeterminado e vento Sul . Espécie : Stenella frontalis , Juvenil Não , , , esta ameacada de extincao . Foi encontrado Morto em ambiente Arenoso com o Cod de carcaca 4 e Não apresentava oleo .
Arenoso com o Cod de carcaca 4 e Não apresentava oleo.	26	5	0	Indivíduo de numero 26 registrado pela equipe do Trecho 06 na cidade de Matinhos , Pontal Do Paraná ( Paraná ) , atraves de monitoramento do tipo Acionamento com a mare Indeterminado e vento Sul . Espécie : Stenella frontalis , Juvenil Não , , , esta ameacada de extincao . Foi encontrado Morto em ambiente Arenoso com o Cod de carcaca 4 e Não apresentava oleo .
25	26	-1	1	Indivíduo de numero 26 registrado pela equipe do Trecho 06 na cidade de Matinhos , Pontal Do Paraná ( Paraná ) , atraves de monitoramento do tipo Acionamento com a mare Indeterminado e vento Sul . Espécie : Stenella frontalis , Juvenil Não , , , esta ameacada de extincao . Foi encontrado Morto em ambiente Arenoso com o Cod de carcaca 4 e Não apresentava oleo .
Indivíduo de numero 27 registrado pela equipe do Trecho 06 na cidade de Guaratuba (Paraná), atraves de monitoramento do tipo	27	0	0	Indivíduo de numero 27 registrado pela equipe do Trecho 06 na cidade de Guaratuba ( Paraná ) , atraves de monitoramento do tipo Acionamento com a mare Indeterminado e vento Sul . Espécie : Sotalia guianensis , Adulto Sim , , , esta ameacada de extincao . Foi encontrado Morto em ambiente Arenoso com o Cod de carcaca 2 e Não apresentava oleo .
Acionamento com a mare Indeterminado e vento Sul.	27	1	0	Indivíduo de numero 27 registrado pela equipe do Trecho 06 na cidade de Guaratuba ( Paraná ) , atraves de monitoramento do tipo Acionamento com a mare Indeterminado e vento Sul . Espécie : Sotalia guianensis , Adulto Sim , , , esta ameacada de extincao . Foi encontrado Morto em ambiente Arenoso com o Cod de carcaca 2 e Não apresentava oleo .
Espécie: Sotalia guianensis, Adulto Sim ,,,esta ameacada de extincao.	27	2	0	Indivíduo de numero 27 registrado pela equipe do Trecho 06 na cidade de Guaratuba ( Paraná ) , atraves de monitoramento do tipo Acionamento com a mare Indeterminado e vento Sul . Espécie : Sotalia guianensis , Adulto Sim , , , esta ameacada de extincao . Foi encontrado Morto em ambiente Arenoso com o Cod de carcaca 2 e Não apresentava oleo .
Foi encontrado Morto em ambiente	27	3	0	Indivíduo de numero 27 registrado pela equipe do Trecho 06 na cidade de Guaratuba ( Paraná ) , atraves de monitoramento do tipo Acionamento com a mare Indeterminado e vento Sul . Espécie : Sotalia guianensis , Adulto Sim , , , esta ameacada de extincao . Foi encontrado Morto em ambiente Arenoso com o Cod de carcaca 2 e Não apresentava oleo .
Arenoso com o Cod de carcaca 2 e Não apresentava oleo.	27	4	0	Indivíduo de numero 27 registrado pela equipe do Trecho 06 na cidade de Guaratuba ( Paraná ) , atraves de monitoramento do tipo Acionamento com a mare Indeterminado e vento Sul . Espécie : Sotalia guianensis , Adulto Sim , , , esta ameacada de extincao . Foi encontrado Morto em ambiente Arenoso com o Cod de carcaca 2 e Não apresentava oleo .
26	27	-1	1	Indivíduo de numero 27 registrado pela equipe do Trecho 06 na cidade de Guaratuba ( Paraná ) , atraves de monitoramento do tipo Acionamento com a mare Indeterminado e vento Sul . Espécie : Sotalia guianensis , Adulto Sim , , , esta ameacada de extincao . Foi encontrado Morto em ambiente Arenoso com o Cod de carcaca 2 e Não apresentava oleo .
Indivíduo de numero 28 registrado pela equipe do Trecho 01 na cidade de Imbituba (Santa Catarina), atraves de monitoramento do tipo Regular com a mare	28	0	0	Indivíduo de numero 28 registrado pela equipe do Trecho 01 na cidade de Imbituba ( Santa Catarina ) , atraves de monitoramento do tipo Regular com a mare Enchente e vento Sul . Espécie : Larus dominicanus , Juvenil Não , , , esta ameacada de extincao . Foi encontrado Vivo em ambiente Arenoso com o Cod de carcaca 1 e Não apresentava oleo .
Enchente e vento Sul	28	1	0	Indivíduo de numero 28 registrado pela equipe do Trecho 01 na cidade de Imbituba ( Santa Catarina ) , atraves de monitoramento do tipo Regular com a mare Enchente e vento Sul . Espécie : Larus dominicanus , Juvenil Não , , , esta ameacada de extincao . Foi encontrado Vivo em ambiente Arenoso com o Cod de carcaca 1 e Não apresentava oleo .
.	28	2	0	Indivíduo de numero 28 registrado pela equipe do Trecho 01 na cidade de Imbituba ( Santa Catarina ) , atraves de monitoramento do tipo Regular com a mare Enchente e vento Sul . Espécie : Larus dominicanus , Juvenil Não , , , esta ameacada de extincao . Foi encontrado Vivo em ambiente Arenoso com o Cod de carcaca 1 e Não apresentava oleo .
Espécie:	28	3	0	Indivíduo de numero 28 registrado pela equipe do Trecho 01 na cidade de Imbituba ( Santa Catarina ) , atraves de monitoramento do tipo Regular com a mare Enchente e vento Sul . Espécie : Larus dominicanus , Juvenil Não , , , esta ameacada de extincao . Foi encontrado Vivo em ambiente Arenoso com o Cod de carcaca 1 e Não apresentava oleo .
Larus dominicanus, Juvenil Não ,,,esta ameacada de extincao.	28	4	0	Indivíduo de numero 28 registrado pela equipe do Trecho 01 na cidade de Imbituba ( Santa Catarina ) , atraves de monitoramento do tipo Regular com a mare Enchente e vento Sul . Espécie : Larus dominicanus , Juvenil Não , , , esta ameacada de extincao . Foi encontrado Vivo em ambiente Arenoso com o Cod de carcaca 1 e Não apresentava oleo .
Foi encontrado Vivo em ambiente Arenoso com o Cod de carcaca 1 e Não apresentava oleo.	28	5	0	Indivíduo de numero 28 registrado pela equipe do Trecho 01 na cidade de Imbituba ( Santa Catarina ) , atraves de monitoramento do tipo Regular com a mare Enchente e vento Sul . Espécie : Larus dominicanus , Juvenil Não , , , esta ameacada de extincao . Foi encontrado Vivo em ambiente Arenoso com o Cod de carcaca 1 e Não apresentava oleo .
27	28	-1	1	Indivíduo de numero 28 registrado pela equipe do Trecho 01 na cidade de Imbituba ( Santa Catarina ) , atraves de monitoramento do tipo Regular com a mare Enchente e vento Sul . Espécie : Larus dominicanus , Juvenil Não , , , esta ameacada de extincao . Foi encontrado Vivo em ambiente Arenoso com o Cod de carcaca 1 e Não apresentava oleo .
Indivíduo de numero 29 registrado pela equipe do Trecho 04 na cidade de Penha (Santa Catarina), atraves de monitoramento do tipo	29	0	0	Indivíduo de numero 29 registrado pela equipe do Trecho 04 na cidade de Penha ( Santa Catarina ) , atraves de monitoramento do tipo Acionamento com a mare Enchente e vento Oeste . Espécie : Chelonia mydas , Juvenil Sim , , , esta ameacada de extincao . Foi encontrado Morto em ambiente Arenoso com o Cod de carcaca 4 e Não apresentava oleo .
Acionamento com a mare	29	1	0	Indivíduo de numero 29 registrado pela equipe do Trecho 04 na cidade de Penha ( Santa Catarina ) , atraves de monitoramento do tipo Acionamento com a mare Enchente e vento Oeste . Espécie : Chelonia mydas , Juvenil Sim , , , esta ameacada de extincao . Foi encontrado Morto em ambiente Arenoso com o Cod de carcaca 4 e Não apresentava oleo .
Enchente e vento Oeste.	29	2	0	Indivíduo de numero 29 registrado pela equipe do Trecho 04 na cidade de Penha ( Santa Catarina ) , atraves de monitoramento do tipo Acionamento com a mare Enchente e vento Oeste . Espécie : Chelonia mydas , Juvenil Sim , , , esta ameacada de extincao . Foi encontrado Morto em ambiente Arenoso com o Cod de carcaca 4 e Não apresentava oleo .
Espécie: Chelonia mydas, Juvenil Sim ,,,esta ameacada de extincao.	29	3	0	Indivíduo de numero 29 registrado pela equipe do Trecho 04 na cidade de Penha ( Santa Catarina ) , atraves de monitoramento do tipo Acionamento com a mare Enchente e vento Oeste . Espécie : Chelonia mydas , Juvenil Sim , , , esta ameacada de extincao . Foi encontrado Morto em ambiente Arenoso com o Cod de carcaca 4 e Não apresentava oleo .
Foi encontrado Morto em ambiente	29	4	0	Indivíduo de numero 29 registrado pela equipe do Trecho 04 na cidade de Penha ( Santa Catarina ) , atraves de monitoramento do tipo Acionamento com a mare Enchente e vento Oeste . Espécie : Chelonia mydas , Juvenil Sim , , , esta ameacada de extincao . Foi encontrado Morto em ambiente Arenoso com o Cod de carcaca 4 e Não apresentava oleo .
Arenoso com o Cod de carcaca 4 e Não apresentava oleo.	29	5	0	Indivíduo de numero 29 registrado pela equipe do Trecho 04 na cidade de Penha ( Santa Catarina ) , atraves de monitoramento do tipo Acionamento com a mare Enchente e vento Oeste . Espécie : Chelonia mydas , Juvenil Sim , , , esta ameacada de extincao . Foi encontrado Morto em ambiente Arenoso com o Cod de carcaca 4 e Não apresentava oleo .
28	29	-1	1	Indivíduo de numero 29 registrado pela equipe do Trecho 04 na cidade de Penha ( Santa Catarina ) , atraves de monitoramento do tipo Acionamento com a mare Enchente e vento Oeste . Espécie : Chelonia mydas , Juvenil Sim , , , esta ameacada de extincao . Foi encontrado Morto em ambiente Arenoso com o Cod de carcaca 4 e Não apresentava oleo .
Indivíduo de numero 30 registrado pela equipe do Trecho 05 na cidade de São Francisco Do Sul (Santa Catarina), atraves de monitoramento do tipo	30	0	0	Indivíduo de numero 30 registrado pela equipe do Trecho 05 na cidade de São Francisco Do Sul ( Santa Catarina ) , atraves de monitoramento do tipo Acionamento com a mare Vazia e vento Sudeste . Espécie : Chelonia mydas , Indeterminado Sim , , , esta ameacada de extincao . Foi encontrado Morto em ambiente Arenoso com o Cod de carcaca 4 e Não apresentava oleo .
Acionamento com a mare Vazia e vento Sudeste.	30	1	0	Indivíduo de numero 30 registrado pela equipe do Trecho 05 na cidade de São Francisco Do Sul ( Santa Catarina ) , atraves de monitoramento do tipo Acionamento com a mare Vazia e vento Sudeste . Espécie : Chelonia mydas , Indeterminado Sim , , , esta ameacada de extincao . Foi encontrado Morto em ambiente Arenoso com o Cod de carcaca 4 e Não apresentava oleo .
Espécie: Chelonia mydas, Indeterminado Sim ,,,esta ameacada de extincao.	30	2	0	Indivíduo de numero 30 registrado pela equipe do Trecho 05 na cidade de São Francisco Do Sul ( Santa Catarina ) , atraves de monitoramento do tipo Acionamento com a mare Vazia e vento Sudeste . Espécie : Chelonia mydas , Indeterminado Sim , , , esta ameacada de extincao . Foi encontrado Morto em ambiente Arenoso com o Cod de carcaca 4 e Não apresentava oleo .
Foi encontrado Morto em ambiente	30	3	0	Indivíduo de numero 30 registrado pela equipe do Trecho 05 na cidade de São Francisco Do Sul ( Santa Catarina ) , atraves de monitoramento do tipo Acionamento com a mare Vazia e vento Sudeste . Espécie : Chelonia mydas , Indeterminado Sim , , , esta ameacada de extincao . Foi encontrado Morto em ambiente Arenoso com o Cod de carcaca 4 e Não apresentava oleo .
Arenoso com o Cod de carcaca 4 e Não apresentava oleo.	30	4	0	Indivíduo de numero 30 registrado pela equipe do Trecho 05 na cidade de São Francisco Do Sul ( Santa Catarina ) , atraves de monitoramento do tipo Acionamento com a mare Vazia e vento Sudeste . Espécie : Chelonia mydas , Indeterminado Sim , , , esta ameacada de extincao . Foi encontrado Morto em ambiente Arenoso com o Cod de carcaca 4 e Não apresentava oleo .
29	30	-1	1	Indivíduo de numero 30 registrado pela equipe do Trecho 05 na cidade de São Francisco Do Sul ( Santa Catarina ) , atraves de monitoramento do tipo Acionamento com a mare Vazia e vento Sudeste . Espécie : Chelonia mydas , Indeterminado Sim , , , esta ameacada de extincao . Foi encontrado Morto em ambiente Arenoso com o Cod de carcaca 4 e Não apresentava oleo .
Indivíduo de numero 31 registrado pela equipe do Trecho 04 na cidade de Penha (Santa Catarina), atraves de monitoramento do tipo Regular com a mare	31	0	0	Indivíduo de numero 31 registrado pela equipe do Trecho 04 na cidade de Penha ( Santa Catarina ) , atraves de monitoramento do tipo Regular com a mare Enchente e vento Oeste . Espécie : Chelonia mydas , Juvenil Sim , , , esta ameacada de extincao . Foi encontrado Morto em ambiente Arenoso com o Cod de carcaca 4 e Não apresentava oleo .
Enchente e vento Oeste.	31	1	0	Indivíduo de numero 31 registrado pela equipe do Trecho 04 na cidade de Penha ( Santa Catarina ) , atraves de monitoramento do tipo Regular com a mare Enchente e vento Oeste . Espécie : Chelonia mydas , Juvenil Sim , , , esta ameacada de extincao . Foi encontrado Morto em ambiente Arenoso com o Cod de carcaca 4 e Não apresentava oleo .
Espécie: Chelonia mydas, Juvenil Sim ,,,esta ameacada de extincao.	31	2	0	Indivíduo de numero 31 registrado pela equipe do Trecho 04 na cidade de Penha ( Santa Catarina ) , atraves de monitoramento do tipo Regular com a mare Enchente e vento Oeste . Espécie : Chelonia mydas , Juvenil Sim , , , esta ameacada de extincao . Foi encontrado Morto em ambiente Arenoso com o Cod de carcaca 4 e Não apresentava oleo .
Foi encontrado Morto em ambiente	31	3	0	Indivíduo de numero 31 registrado pela equipe do Trecho 04 na cidade de Penha ( Santa Catarina ) , atraves de monitoramento do tipo Regular com a mare Enchente e vento Oeste . Espécie : Chelonia mydas , Juvenil Sim , , , esta ameacada de extincao . Foi encontrado Morto em ambiente Arenoso com o Cod de carcaca 4 e Não apresentava oleo .
Arenoso com o Cod de carcaca 4 e Não apresentava oleo.	31	4	0	Indivíduo de numero 31 registrado pela equipe do Trecho 04 na cidade de Penha ( Santa Catarina ) , atraves de monitoramento do tipo Regular com a mare Enchente e vento Oeste . Espécie : Chelonia mydas , Juvenil Sim , , , esta ameacada de extincao . Foi encontrado Morto em ambiente Arenoso com o Cod de carcaca 4 e Não apresentava oleo .
30	31	-1	1	Indivíduo de numero 31 registrado pela equipe do Trecho 04 na cidade de Penha ( Santa Catarina ) , atraves de monitoramento do tipo Regular com a mare Enchente e vento Oeste . Espécie : Chelonia mydas , Juvenil Sim , , , esta ameacada de extincao . Foi encontrado Morto em ambiente Arenoso com o Cod de carcaca 4 e Não apresentava oleo .
Indivíduo de numero 32 registrado pela equipe do Trecho 02 na cidade de Palhoça (Santa Catarina), atraves de monitoramento do tipo Regular com a mare Vazante e vento N/A. Espécie: Chelonia mydas, Juvenil Sim ,,,esta ameacada de extincao.	32	0	0	Indivíduo de numero 32 registrado pela equipe do Trecho 02 na cidade de Palhoça ( Santa Catarina ) , atraves de monitoramento do tipo Regular com a mare Vazante e vento N / A. Espécie : Chelonia mydas , Juvenil Sim , , , esta ameacada de extincao . Foi encontrado Morto em ambiente Arenoso com o Cod de carcaca 4 e Não apresentava oleo .
Foi encontrado Morto em ambiente	32	1	0	Indivíduo de numero 32 registrado pela equipe do Trecho 02 na cidade de Palhoça ( Santa Catarina ) , atraves de monitoramento do tipo Regular com a mare Vazante e vento N / A. Espécie : Chelonia mydas , Juvenil Sim , , , esta ameacada de extincao . Foi encontrado Morto em ambiente Arenoso com o Cod de carcaca 4 e Não apresentava oleo .
Arenoso com o Cod de carcaca 4 e Não apresentava oleo.	32	2	0	Indivíduo de numero 32 registrado pela equipe do Trecho 02 na cidade de Palhoça ( Santa Catarina ) , atraves de monitoramento do tipo Regular com a mare Vazante e vento N / A. Espécie : Chelonia mydas , Juvenil Sim , , , esta ameacada de extincao . Foi encontrado Morto em ambiente Arenoso com o Cod de carcaca 4 e Não apresentava oleo .
31	32	-1	1	Indivíduo de numero 32 registrado pela equipe do Trecho 02 na cidade de Palhoça ( Santa Catarina ) , atraves de monitoramento do tipo Regular com a mare Vazante e vento N / A. Espécie : Chelonia mydas , Juvenil Sim , , , esta ameacada de extincao . Foi encontrado Morto em ambiente Arenoso com o Cod de carcaca 4 e Não apresentava oleo .
Indivíduo de numero 33 registrado pela equipe do Trecho 06 na cidade de Paranaguá (Paraná), atraves de monitoramento do tipo Regular com a mare Vazante e vento Sudoeste.	33	0	0	Indivíduo de numero 33 registrado pela equipe do Trecho 06 na cidade de Paranaguá ( Paraná ) , atraves de monitoramento do tipo Regular com a mare Vazante e vento Sudoeste . Espécie : Chelonia mydas , Juvenil Sim , , , esta ameacada de extincao . Foi encontrado Morto em ambiente Arenoso com o Cod de carcaca 4 e Não apresentava oleo .
Espécie: Chelonia mydas, Juvenil Sim ,,,esta ameacada de extincao.	33	1	0	Indivíduo de numero 33 registrado pela equipe do Trecho 06 na cidade de Paranaguá ( Paraná ) , atraves de monitoramento do tipo Regular com a mare Vazante e vento Sudoeste . Espécie : Chelonia mydas , Juvenil Sim , , , esta ameacada de extincao . Foi encontrado Morto em ambiente Arenoso com o Cod de carcaca 4 e Não apresentava oleo .
Foi encontrado Morto em ambiente	33	2	0	Indivíduo de numero 33 registrado pela equipe do Trecho 06 na cidade de Paranaguá ( Paraná ) , atraves de monitoramento do tipo Regular com a mare Vazante e vento Sudoeste . Espécie : Chelonia mydas , Juvenil Sim , , , esta ameacada de extincao . Foi encontrado Morto em ambiente Arenoso com o Cod de carcaca 4 e Não apresentava oleo .
Arenoso com o Cod de carcaca 4 e Não apresentava oleo.	33	3	0	Indivíduo de numero 33 registrado pela equipe do Trecho 06 na cidade de Paranaguá ( Paraná ) , atraves de monitoramento do tipo Regular com a mare Vazante e vento Sudoeste . Espécie : Chelonia mydas , Juvenil Sim , , , esta ameacada de extincao . Foi encontrado Morto em ambiente Arenoso com o Cod de carcaca 4 e Não apresentava oleo .
32	33	-1	1	Indivíduo de numero 33 registrado pela equipe do Trecho 06 na cidade de Paranaguá ( Paraná ) , atraves de monitoramento do tipo Regular com a mare Vazante e vento Sudoeste . Espécie : Chelonia mydas , Juvenil Sim , , , esta ameacada de extincao . Foi encontrado Morto em ambiente Arenoso com o Cod de carcaca 4 e Não apresentava oleo .
Indivíduo de numero 34 registrado pela equipe do Trecho 02 na cidade de Garopaba (Santa Catarina), atraves de monitoramento do tipo Regular com a mare Vazia e vento Sudeste.	34	0	0	Indivíduo de numero 34 registrado pela equipe do Trecho 02 na cidade de Garopaba ( Santa Catarina ) , atraves de monitoramento do tipo Regular com a mare Vazia e vento Sudeste . Espécie : Puffinus puffinus , Indeterminado Não , , , esta ameacada de extincao . Foi encontrado Morto em ambiente Arenoso com o Cod de carcaca 5 e Não apresentava oleo .
Espécie: Puffinus puffinus, Indeterminado Não ,,,esta ameacada de extincao.	34	1	0	Indivíduo de numero 34 registrado pela equipe do Trecho 02 na cidade de Garopaba ( Santa Catarina ) , atraves de monitoramento do tipo Regular com a mare Vazia e vento Sudeste . Espécie : Puffinus puffinus , Indeterminado Não , , , esta ameacada de extincao . Foi encontrado Morto em ambiente Arenoso com o Cod de carcaca 5 e Não apresentava oleo .
Foi encontrado Morto em ambiente	34	2	0	Indivíduo de numero 34 registrado pela equipe do Trecho 02 na cidade de Garopaba ( Santa Catarina ) , atraves de monitoramento do tipo Regular com a mare Vazia e vento Sudeste . Espécie : Puffinus puffinus , Indeterminado Não , , , esta ameacada de extincao . Foi encontrado Morto em ambiente Arenoso com o Cod de carcaca 5 e Não apresentava oleo .
Arenoso com o Cod de carcaca 5 e Não apresentava oleo.	34	3	0	Indivíduo de numero 34 registrado pela equipe do Trecho 02 na cidade de Garopaba ( Santa Catarina ) , atraves de monitoramento do tipo Regular com a mare Vazia e vento Sudeste . Espécie : Puffinus puffinus , Indeterminado Não , , , esta ameacada de extincao . Foi encontrado Morto em ambiente Arenoso com o Cod de carcaca 5 e Não apresentava oleo .
33	34	-1	1	Indivíduo de numero 34 registrado pela equipe do Trecho 02 na cidade de Garopaba ( Santa Catarina ) , atraves de monitoramento do tipo Regular com a mare Vazia e vento Sudeste . Espécie : Puffinus puffinus , Indeterminado Não , , , esta ameacada de extincao . Foi encontrado Morto em ambiente Arenoso com o Cod de carcaca 5 e Não apresentava oleo .
Indivíduo de numero 35 registrado pela equipe do Trecho 01 na cidade de Laguna (Santa Catarina), atraves de monitoramento do tipo	35	0	0	Indivíduo de numero 35 registrado pela equipe do Trecho 01 na cidade de Laguna ( Santa Catarina ) , atraves de monitoramento do tipo Acionamento com a mare Vazante e vento Nordeste . Espécie : Chelonia mydas , Juvenil Sim , , , esta ameacada de extincao . Foi encontrado Morto em ambiente Arenoso com o Cod de carcaca 4 e Não apresentava oleo .
Acionamento com a mare Vazante e vento	35	1	0	Indivíduo de numero 35 registrado pela equipe do Trecho 01 na cidade de Laguna ( Santa Catarina ) , atraves de monitoramento do tipo Acionamento com a mare Vazante e vento Nordeste . Espécie : Chelonia mydas , Juvenil Sim , , , esta ameacada de extincao . Foi encontrado Morto em ambiente Arenoso com o Cod de carcaca 4 e Não apresentava oleo .
Nordeste.	35	2	0	Indivíduo de numero 35 registrado pela equipe do Trecho 01 na cidade de Laguna ( Santa Catarina ) , atraves de monitoramento do tipo Acionamento com a mare Vazante e vento Nordeste . Espécie : Chelonia mydas , Juvenil Sim , , , esta ameacada de extincao . Foi encontrado Morto em ambiente Arenoso com o Cod de carcaca 4 e Não apresentava oleo .
Espécie: Chelonia mydas, Juvenil Sim ,,,esta ameacada de extincao.	35	3	0	Indivíduo de numero 35 registrado pela equipe do Trecho 01 na cidade de Laguna ( Santa Catarina ) , atraves de monitoramento do tipo Acionamento com a mare Vazante e vento Nordeste . Espécie : Chelonia mydas , Juvenil Sim , , , esta ameacada de extincao . Foi encontrado Morto em ambiente Arenoso com o Cod de carcaca 4 e Não apresentava oleo .
Foi encontrado Morto em ambiente	35	4	0	Indivíduo de numero 35 registrado pela equipe do Trecho 01 na cidade de Laguna ( Santa Catarina ) , atraves de monitoramento do tipo Acionamento com a mare Vazante e vento Nordeste . Espécie : Chelonia mydas , Juvenil Sim , , , esta ameacada de extincao . Foi encontrado Morto em ambiente Arenoso com o Cod de carcaca 4 e Não apresentava oleo .
Arenoso com o Cod de carcaca 4 e Não apresentava oleo.	35	5	0	Indivíduo de numero 35 registrado pela equipe do Trecho 01 na cidade de Laguna ( Santa Catarina ) , atraves de monitoramento do tipo Acionamento com a mare Vazante e vento Nordeste . Espécie : Chelonia mydas , Juvenil Sim , , , esta ameacada de extincao . Foi encontrado Morto em ambiente Arenoso com o Cod de carcaca 4 e Não apresentava oleo .
34	35	-1	1	Indivíduo de numero 35 registrado pela equipe do Trecho 01 na cidade de Laguna ( Santa Catarina ) , atraves de monitoramento do tipo Acionamento com a mare Vazante e vento Nordeste . Espécie : Chelonia mydas , Juvenil Sim , , , esta ameacada de extincao . Foi encontrado Morto em ambiente Arenoso com o Cod de carcaca 4 e Não apresentava oleo .
